id,snn,first_name,last_name,phone_number,gender,age,diagnosis_code
1,144-55-9986,Almira,Dee,725-708-9133,Female,19,S38221S
2,269-13-1106,Caritta,Unwins,154-130-0689,Female,45,H341
3,679-77-2446,Kaile,Abrahart,980-826-1714,Female,67,I468
4,712-75-0134,Pascal,Toquet,514-149-5577,Male,68,F40
5,198-62-3790,Rory,Zannelli,377-461-6730,Male,48,S72044C
6,170-02-3154,Bendick,Diprose,130-968-5507,Male,53,D299
7,421-04-2170,Marie,De Ambrosis,263-826-0030,Female,44,T38891D
8,731-48-6917,Patin,Melsome,806-864-7756,Male,50,Z42
9,809-25-6248,Ellsworth,Brabbs,851-784-4882,Male,42,W108XXD
10,405-22-4127,Marie-ann,Poundford,589-302-6840,Female,54,M66351
11,103-87-0625,Guntar,Marzella,681-224-3476,Agender,52,T24709D
12,276-32-7118,Olin,Rawlingson,957-276-1618,Male,44,S42494A
13,225-50-4853,Lindy,Southon,347-456-9370,Male,37,S61359
14,471-09-7299,Wesley,Andrivel,368-501-4304,Male,23,I63523
15,274-07-7174,Farley,Handover,807-522-1505,Male,41,S52232Q
16,634-83-2843,Maddy,Comerford,829-628-1357,Female,25,Q140
17,502-04-3567,Nefen,Frake,508-629-3381,Male,40,S82033N
18,372-19-6627,Serena,Tilston,615-622-4618,Female,54,S82465Q
19,573-64-2426,Amye,Coldridge,804-859-8221,Female,45,G43C0
20,371-21-9579,Hakim,McElwee,888-322-9928,Male,51,H5942
21,351-98-2966,Salomo,Eastgate,440-397-2094,Male,69,K500
22,842-54-0149,Chere,Fendlen,405-309-5406,Female,39,V750XXA
23,686-34-4326,Corri,Dand,149-220-2558,Female,20,S5314
24,702-17-3154,Binnie,Di Dello,176-698-2303,Polygender,63,T34522A
25,845-86-3909,Jammal,Skule,389-443-5331,Male,52,S3205
26,321-19-6349,Xever,Supple,604-921-2731,Male,39,S63202A
27,885-32-0035,Irma,Ragge,945-906-5342,Female,21,M1A43
28,417-42-5984,Milena,Cockings,855-244-5505,Female,56,S30811D
29,767-40-8504,Anthony,Batters,149-506-3299,Male,37,T83411D
30,763-96-8209,Carroll,Lightowler,810-868-6095,Male,50,S91144D
31,341-63-9544,Kenton,Harrowsmith,463-583-7287,Male,27,L02811
32,203-13-3035,Catriona,Neeson,489-958-6119,Female,27,S59249K
33,500-55-8605,Brice,Tench,822-551-1934,Male,73,S62501K
34,488-51-5762,Darlleen,Brimson,989-774-3767,Female,39,S60512A
35,315-05-1501,Barri,Nodes,611-299-6200,Bigender,58,S2320XA
36,808-29-2357,Monroe,Vaisey,966-919-1743,Male,51,S32032K
37,593-28-5109,Arabele,Bedward,945-917-5197,Female,67,S91244
38,515-20-4499,Odey,Dews,293-145-4370,Genderqueer,49,S99009D
39,511-78-4131,Augustine,Dwane,309-169-6007,Male,64,M0540
40,241-63-9626,Rubia,Futter,132-926-4878,Female,56,S99242G
41,736-70-4921,Gearard,Harness,995-649-1411,Male,35,T17420D
42,526-89-4940,Genia,MacGown,124-772-8255,Female,59,S86201
43,436-61-1976,Burgess,Moorerud,265-530-0425,Agender,43,S52366K
44,425-45-2285,Zelda,Jenking,621-170-9633,Female,22,O356XX4
45,588-54-5424,Neda,Roderigo,228-505-2610,Female,75,S63301A
46,860-19-5482,Serene,Mabbett,650-928-8484,Female,26,V282XXA
47,160-20-9088,Kristyn,Rase,733-285-8708,Female,21,M05671
48,156-38-8104,Blisse,Issard,907-588-0994,Female,72,D6851
49,798-98-3459,Demetris,Castelin,843-106-0186,Male,67,S52321D
50,772-50-6617,Rosmunda,Wilderspoon,690-846-4205,Female,72,S12630
51,444-54-8936,Kimbra,Deeves,690-773-6528,Female,61,S8781XD
52,262-23-7911,Marika,Klemps,969-597-0103,Female,44,S61429D
53,713-19-9985,Herschel,Fredson,737-265-8732,Male,30,Z483
54,654-52-9098,Ode,Jayes,278-439-1194,Male,44,S02119D
55,151-31-6047,Jenny,Farnaby,793-982-4196,Female,20,S91102
56,209-32-2732,Clayborn,Blann,590-593-9709,Male,43,M89164
57,842-99-0427,Daveta,Dalmon,894-853-8157,Female,52,Y35011A
58,840-93-1402,Leah,Mitford,261-660-5444,Female,23,S82223Q
59,250-67-6665,Burch,Eales,859-211-6611,Male,27,R5084
60,231-91-8558,Trueman,Crollman,174-914-8560,Male,28,S62225K
61,648-98-0824,Mitchael,Brookz,317-805-9233,Male,75,O4412
62,502-19-2010,Bernardine,Cosbee,190-854-5454,Female,48,S72353C
63,853-86-4143,Casper,Knyvett,626-107-6802,Male,68,T45616D
64,220-02-3366,Collete,Layland,256-717-2943,Female,20,M2330
65,378-92-1417,Anestassia,Manilove,864-849-7453,Female,58,F601
66,123-45-8027,Orton,Thiolier,696-689-6741,Male,76,T82221A
67,603-96-4334,Donovan,Mumbeson,494-566-0701,Male,49,I70262
68,791-39-2375,Freemon,Curm,847-108-6655,Male,73,P27
69,148-93-0281,Eilis,Greenaway,329-218-0818,Female,29,S62306G
70,200-07-7241,Lowe,Washington,224-922-5510,Male,32,T8069
71,564-48-7452,Caresa,Whiteman,628-551-3901,Female,70,T463X2A
72,137-15-6847,Kyla,Fitzjohn,627-481-6313,Female,35,S32492
73,260-72-2124,Kingston,Camous,711-458-2034,Male,46,T457X1S
74,152-77-1466,Claudius,Colgan,645-159-3121,Male,56,S48912S
75,482-86-1612,Elwood,Miners,147-283-1827,Male,54,D2322
76,353-44-8329,Granville,Shoreson,550-762-7015,Male,43,S82192M
77,107-77-1962,Vladimir,Hinrichs,139-963-9461,Male,25,S20322S
78,721-19-4200,Fedora,Coleford,943-243-5170,Female,53,H18602
79,272-43-7252,Avril,Beeswing,136-774-1338,Genderqueer,44,Y383
80,369-01-0845,Clarance,Berisford,545-389-5931,Male,77,S88929A
81,729-82-1779,Sylvan,Margram,721-683-7615,Agender,31,R4581
82,357-23-5813,Torry,Kolakowski,193-551-7044,Polygender,62,S62647B
83,846-27-0040,Martynne,Pitkeathley,728-846-5811,Female,22,S21301
84,362-63-8959,Jefferson,Kardos-Stowe,543-661-9736,Male,57,V4362
85,670-06-8902,Jedediah,Conkay,146-315-7707,Male,50,M33
86,598-28-0125,Raymond,Clemens,725-801-2197,Polygender,74,E779
87,369-55-4653,Kelcey,Hulles,943-680-4925,Female,46,M05251
88,115-59-5074,Rancell,Gillease,105-384-1861,Male,28,S82191H
89,305-60-0290,Robinett,Sydall,789-547-3371,Female,53,M25349
90,322-30-6785,Wash,Thatcham,157-932-6272,Male,68,S82026C
91,394-19-3175,Lemmie,Dowzell,499-746-1470,Male,21,S52325N
92,380-51-4133,Anallese,Emanuelov,876-712-4255,Female,39,C4000
93,690-99-3151,Flynn,Kristoffersson,921-521-6058,Male,51,M80049K
94,688-16-1480,Jacinta,Robarts,830-772-5498,Female,56,S70321D
95,128-79-7946,Luke,Feaveer,284-480-8823,Male,67,S62331D
96,829-69-1716,Jaye,Beddows,870-544-2331,Male,72,M23012
97,696-64-3501,Lynnell,Simakov,360-987-7885,Female,37,S42265
98,216-18-1834,Gaylord,Hugnet,285-437-8828,Male,64,V630XXA
99,381-01-9525,Ardelle,Andrivot,695-621-2641,Female,65,H18811
100,668-87-7473,Cori,Blaszczyk,224-426-3138,Male,52,S52244F
101,136-65-5669,Leigh,Hiley,386-585-2036,Male,51,V8659XD
102,669-46-0213,Claudie,Sones,270-746-7943,Female,51,S40242S
103,233-03-7221,Markos,Gallety,934-689-3875,Male,19,S52539K
104,216-53-7027,Jdavie,Yakovich,328-999-4459,Male,45,C9161
105,872-15-8455,Modesta,Brightie,707-705-3449,Female,35,S21329S
106,650-23-2633,Raddie,Ernshaw,106-723-5689,Male,34,M05421
107,596-86-6899,Sandro,Summerton,729-506-9265,Bigender,20,S32132A
108,524-86-5802,Eduino,Scotney,486-968-7665,Male,70,S65591
109,319-23-8275,Dion,Caherny,128-551-0948,Male,62,C052
110,620-47-7215,Collin,Ditch,240-868-2606,Male,36,S52326G
111,386-39-4823,Misty,Cranmere,663-176-8066,Female,30,S20101A
112,736-53-8260,Nellie,Faucett,954-242-9953,Female,51,S52382P
113,126-97-7890,Noel,Mohun,102-383-6953,Male,31,O09621
114,189-50-6690,Gale,Delahunt,503-722-6070,Female,54,V527
115,216-42-3387,Dal,Enrietto,951-734-5461,Male,37,M6248
116,310-05-1652,Jacki,Blasli,227-515-2497,Genderfluid,74,H4312
117,640-97-2819,Ardeen,Larderot,296-245-6323,Female,21,S42365D
118,100-93-2589,Brendin,Zoanetti,772-754-3161,Male,67,C7A091
119,323-58-9747,Evelyn,Greenin,329-611-9133,Female,35,N900
120,686-10-7577,Robbie,Slegg,741-700-7699,Female,30,S72356P
121,366-14-7348,Artur,Philott,743-433-4981,Male,68,S92134P
122,891-11-2851,Ortensia,Maxwaile,710-180-5050,Female,72,T18190
123,101-51-0022,Katharine,Warmington,859-587-5589,Female,29,M86222
124,295-67-9051,Aggy,Stampe,163-575-6618,Female,54,S83402S
125,101-87-6239,Doti,Letterick,171-859-3694,Female,41,S82421J
126,636-94-8456,Ahmad,Martinets,591-757-1056,Male,56,S7689
127,762-07-0471,Addy,Deeves,359-419-5786,Male,31,S36030D
128,276-67-9787,Jamal,Dutton,413-442-7061,Male,44,T425X5
129,297-44-8180,Katrinka,Maudlen,575-237-5202,Female,50,S22019B
130,380-28-3165,Rorie,Arrundale,398-601-6171,Female,70,S81031
131,444-52-8132,Welch,Thomlinson,510-302-5120,Genderqueer,36,M24473
132,282-13-7436,Suellen,Conklin,843-697-7597,Female,68,S1193XD
133,560-47-9576,Ina,MacMeeking,968-244-7052,Female,28,S72011H
134,286-14-4018,Saundra,Linacre,175-629-3482,Female,66,A065
135,539-84-3684,Tybalt,Mogenot,301-175-4544,Male,60,W5539XS
136,127-06-6365,Hollis,Knappe,835-397-2160,Male,52,T2172XD
137,595-48-3312,Sonny,Horley,915-195-7235,Agender,28,S62002B
138,610-98-3394,Dare,Mulcock,513-281-2687,Male,18,S91341
139,354-68-4831,Guy,Windaybank,761-421-9935,Agender,70,S82209J
140,612-69-5086,Corey,Gilsthorpe,205-261-8157,Female,40,E328
141,771-80-2096,Ryan,Biggam,792-942-2746,Male,21,T3691XD
142,219-92-4192,Anselma,Buxsy,502-956-4456,Female,73,T65823D
143,818-98-9327,Kaine,Peiro,254-814-8015,Male,53,C50819
144,403-90-6625,Quill,Ready,241-534-5594,Male,19,S20229A
145,630-61-0898,Dennet,Tucknott,119-632-4287,Male,43,H748X
146,151-35-9648,Virginie,Foxwell,549-136-2764,Female,39,A5204
147,277-75-4410,Curran,Ollerearnshaw,584-432-0567,Male,39,S70919A
148,509-25-1507,Ara,Zambon,634-355-9908,Male,71,I70418
149,557-85-7360,Fabien,Witham,809-415-4591,Male,26,M7530
150,294-12-6209,Shanta,Beavington,551-766-5242,Female,50,S42448S
151,874-82-6711,Althea,Renyard,226-723-2243,Genderfluid,29,C6210
152,218-47-5197,Emerson,Grayshan,223-282-2388,Male,53,R780
153,403-96-7137,Joann,Archanbault,838-180-1084,Female,19,S066X6S
154,315-35-7479,Weston,Suttling,217-178-5455,Male,76,Q258
155,715-54-2047,Lucretia,Beams,555-281-0628,Female,26,S7290XJ
156,209-95-0291,Tremaine,Caldeyroux,798-597-0945,Male,73,D136
157,612-29-3209,Ezekiel,Erik,346-634-7884,Genderfluid,70,S63635S
158,882-43-7118,Harry,Renshaw,800-251-2537,Male,58,Y35101D
159,442-16-3794,Pate,Gummory,135-190-2774,Male,53,S86821
160,225-28-9861,Alfie,McNaught,449-522-4365,Female,38,Y9253
161,784-13-2004,Kessiah,Taysbil,332-964-8588,Female,60,I072
162,462-59-1963,Wylie,Penley,505-505-9146,Male,61,T82898S
163,715-06-6410,Estel,Trussell,786-310-8495,Female,42,S56197
164,578-64-2789,Gipsy,Ringham,238-137-9276,Female,61,G602
165,868-46-7628,Edi,Gaskins,972-553-5118,Female,53,S61422A
166,268-07-9717,Ahmed,Goede,281-408-6411,Male,69,T3694XS
167,869-38-3525,Malachi,Freed,473-471-7669,Male,43,N300
168,321-55-2040,Baudoin,Meecher,265-525-1427,Male,45,M8634
169,219-45-2701,Les,Pattrick,989-626-6163,Male,65,H11111
170,303-61-6542,Shermie,Boater,736-749-5835,Male,60,G4081
171,674-49-6956,Winifred,Huff,929-112-7016,Female,50,S82252N
172,511-85-8569,Aeriell,Jacmar,955-532-4604,Female,50,M25373
173,532-80-5309,Millicent,Knibbs,832-691-3502,Female,26,T39012S
174,216-84-6422,Andris,Hambidge,358-281-0366,Male,38,S61255S
175,605-62-9803,Celesta,Scripture,927-301-9974,Female,34,A661
176,504-98-6409,Gram,Guillet,264-863-6526,Male,25,G959
177,891-07-7239,Yardley,Hickford,322-641-2846,Male,64,S5411XS
178,209-85-8335,Merrilee,Parkman,159-917-4074,Female,28,W16811
179,341-63-9894,Kimberlee,Seabright,255-156-4919,Female,35,S89191K
180,542-17-2744,Kellby,Beumant,603-586-4620,Male,36,S82152F
181,203-71-9778,Dina,Boller,984-527-3267,Female,75,M84463A
182,642-10-2400,Kanya,Tollemache,732-162-5196,Female,54,S12390A
183,363-12-8256,Myrwyn,Dreus,271-810-9118,Male,65,M06239
184,680-98-7256,Del,Iacovino,887-506-4584,Male,58,Z85840
185,571-30-1394,Leif,Eccleston,463-960-8940,Male,72,S65201
186,623-90-6786,Bell,Goodliff,255-930-1300,Bigender,56,M85019
187,410-92-7771,Flossie,Fassan,542-575-1891,Female,62,Y92156
188,637-75-5055,Cleve,Iacovazzi,890-714-5488,Male,18,T8552
189,543-71-7053,Dyna,Izaac,748-275-6040,Female,74,S08122A
190,279-20-6451,Nicolle,Avramchik,867-702-8150,Agender,34,W272
191,803-50-4749,Elizabet,Tebboth,890-463-2047,Female,43,S42232A
192,632-93-4359,Ruthi,Curtoys,436-846-0736,Female,68,Q380
193,218-29-0949,Verne,Stang-Gjertsen,442-439-9265,Male,47,T23359D
194,423-67-3594,Zarla,Freschi,422-977-7232,Genderqueer,43,F513
195,519-20-3084,Kelley,Arias,250-668-5399,Male,20,S72479K
196,788-60-1833,Jorry,Weddup,528-288-3548,Female,46,T23371D
197,796-51-3479,Arly,Caser,844-744-0588,Female,48,S99191G
198,767-47-2828,Teddy,Rolf,966-156-0667,Male,26,O1424
199,737-73-8367,Martie,Goburn,915-505-7596,Male,22,V537XXA
200,847-98-1590,Pryce,Sloper,890-285-4599,Male,55,K8582
201,703-35-2578,Lilly,Wilde,771-493-1661,Female,47,S52033F
202,558-66-2623,Sherlocke,Metheringham,131-976-8511,Male,19,S72121N
203,298-91-5292,Crissy,Comizzoli,811-970-2669,Non-binary,53,V567XXA
204,860-87-2924,Gracia,Gehringer,231-917-3810,Female,46,F19250
205,174-75-7800,Lothaire,Muzzillo,260-683-0412,Male,53,T463X5S
206,433-94-0635,Bertram,Eagers,164-720-5992,Male,61,S63502D
207,436-74-0074,Michaelina,Hydes,222-453-6457,Female,65,S82043Q
208,638-73-9485,Happy,Hiner,638-347-9866,Female,32,G47419
209,447-11-3929,Denny,Clemenza,489-434-6938,Female,70,K209
210,430-04-7972,Marc,Pigot,627-990-4526,Male,54,M89462
211,792-31-0803,Cullan,Matuska,606-525-9528,Male,23,S9225
212,482-96-1931,Emmerich,Franchyonok,775-690-9390,Genderqueer,65,S93515
213,889-42-0424,Vincents,Massie,478-681-2091,Male,51,S52244K
214,653-72-3240,Valentino,Bleibaum,226-651-5377,Male,22,M05811
215,819-86-5966,Alfy,Mumford,248-958-5372,Female,33,S52513G
216,554-22-0164,Sutherland,De Bischof,694-556-9636,Male,51,S61021D
217,435-97-5505,Guillaume,MacGray,568-469-7146,Male,44,D1771
218,839-38-4261,Suzy,Rearden,147-687-4847,Female,39,O9A519
219,256-52-6595,Roseanna,Benoey,346-122-7903,Female,49,M70832
220,217-67-0597,Curr,Cleaves,711-844-7664,Male,36,S60
221,600-19-1494,Arnaldo,Regelous,545-920-9170,Agender,36,Q122
222,255-65-7641,Neale,Barends,396-324-7786,Male,71,S01311A
223,353-18-9592,Drew,Redon,229-998-7139,Male,52,S40021D
224,884-70-1472,Rudolph,Ryall,793-905-7565,Male,67,X96
225,610-53-0915,Merissa,Allkins,961-534-9086,Female,38,K27
226,222-48-3373,Louise,Simons,281-109-5737,Female,70,T550X3A
227,846-95-1972,Eleen,Aguirrezabal,604-216-2045,Female,22,J95850
228,874-75-9901,Astra,Stratton,717-441-9049,Female,61,S23133A
229,792-40-9191,Nikolas,Priestley,400-252-3415,Male,47,Z7702
230,474-82-2113,Fredrika,Swales,141-346-8605,Female,65,W5511XS
231,497-93-4980,Gwenni,Martinovsky,871-761-7319,Female,20,S52399D
232,675-32-0888,Meta,Gwyer,217-732-9723,Female,28,S42021A
233,742-72-3872,Woodman,Barwick,407-382-9131,Agender,26,S42362B
234,282-84-9960,Lane,Talmadge,433-583-6471,Male,73,O26839
235,137-35-7163,Harli,Dearth,639-415-0671,Female,55,E13354
236,863-71-8582,Cammy,Littlechild,386-274-1994,Agender,67,T20011S
237,274-80-1236,Alastair,Skepper,773-712-2207,Male,68,T85698S
238,855-53-2271,Gilberto,Tooke,290-463-8694,Male,34,V749XXA
239,795-30-5045,Timmy,Valentinuzzi,831-920-7742,Female,42,T22619A
240,753-93-5524,Lucie,Oiller,864-571-4046,Female,59,S50352A
241,225-73-7915,Forster,Jerzykiewicz,440-624-8679,Male,46,V2910XA
242,439-54-5428,Fairlie,Garwood,538-947-9724,Male,25,S56222S
243,161-20-3817,Concordia,Lindgren,341-689-4720,Female,70,T484X3A
244,275-84-1117,Mel,Buxsy,218-946-1410,Female,35,R464
245,809-78-7131,Alfonse,Tiley,446-390-6100,Male,33,S72052R
246,146-76-6102,Kameko,Biernat,252-228-2642,Female,53,M2609
247,107-06-2963,Tiphanie,Barnby,466-258-9600,Agender,63,M70851
248,333-04-9421,Atalanta,Adamsen,943-267-1062,Female,42,S62661K
249,469-32-0842,Saidee,Cockman,870-342-3078,Female,51,S12691D
250,741-71-2079,Emilia,Waldocke,135-230-3988,Female,71,M66362
251,449-50-1930,Kelila,Dilkes,872-974-3618,Female,28,S1264XS
252,487-96-2387,Sigfried,Cullum,415-545-9729,Male,40,S37011A
253,115-70-9591,Ricardo,Engall,858-323-6308,Male,43,M0506
254,612-54-7799,Rheta,Bouzek,426-246-4562,Female,60,F13150
255,105-11-3336,Dewitt,Vaney,862-647-4062,Male,64,D3190
256,859-93-1451,Chadwick,Longhurst,868-248-7094,Male,55,X373XXD
257,198-69-9752,Jessalyn,Bourley,417-115-5213,Female,35,V426XXS
258,731-61-1138,Lanie,Follen,532-275-0725,Female,58,S83136A
259,662-38-6314,Shelton,Balas,135-686-2111,Male,49,C44509
260,551-92-0661,Flemming,Ferrar,333-477-1561,Male,43,T470X4D
261,352-13-7304,Timmie,Thunderman,761-322-5037,Male,58,S72146A
262,648-98-7561,Hamish,Marshall,716-927-8686,Male,23,S61235D
263,123-44-7720,Wayne,Cantera,329-802-2150,Male,42,S63401
264,825-48-8138,Leeland,Sanson,264-701-3966,Genderqueer,28,T24321D
265,801-82-4285,Madelle,Yanshin,862-447-7775,Female,55,T63444S
266,422-68-2413,Aloin,Pieters,245-733-7764,Male,65,S60421S
267,557-94-2099,Nanine,Weatherley,662-249-9020,Genderfluid,40,T7402XD
268,427-96-5458,Edouard,Knapper,668-100-9208,Male,27,T24192D
269,310-45-0255,Jesselyn,Shoreson,104-159-2829,Female,24,S31541A
270,327-70-1969,Isac,Sherrin,829-796-8043,Male,20,A835
271,249-71-5916,Robin,Eggers,863-264-5787,Female,70,T8379XD
272,630-96-6470,Windham,Gianiello,217-624-6283,Genderqueer,64,S00439
273,573-66-8509,Gerald,Billie,147-490-4460,Male,59,S68127A
274,551-68-6015,Benson,Fetteplace,172-669-5837,Male,20,Y377X0A
275,624-85-4465,Iggie,Drain,990-427-1527,Male,23,S20351S
276,103-94-0590,Irita,Beloe,402-333-7768,Female,26,E1152
277,824-70-4487,Rand,Honnan,606-365-0096,Polygender,24,S83143
278,819-60-7544,Oliver,Hoyles,616-694-1131,Male,45,S91213D
279,556-89-6926,Fair,Blaney,261-108-2733,Polygender,38,T24591
280,110-10-9970,Nelson,Duberry,914-476-1460,Male,43,I670
281,883-89-5450,Yale,Gerrell,122-654-7379,Male,76,M4642
282,893-17-8018,Herby,Schoffler,861-567-1264,Male,29,O10213
283,683-38-3490,Alfy,Levens,818-373-8321,Female,47,I97640
284,851-25-5843,Calida,Hinnerk,340-203-1881,Female,51,S6432XD
285,890-28-1152,Annnora,Delve,103-905-4236,Female,35,S52579K
286,308-19-9725,Nikkie,Baumaier,826-775-1088,Female,50,M24111
287,330-07-3621,Pavlov,Andrioletti,728-184-3641,Male,55,Y92009
288,850-33-1283,Ollie,Wentworth,864-246-6605,Female,55,T71154
289,888-45-7595,Sianna,Bamlett,220-477-3951,Female,48,C7241
290,242-14-9669,Marcela,Heinsen,495-623-4153,Female,59,T80310A
291,380-43-2794,Tab,Scothorn,556-826-3769,Male,63,S6980XS
292,123-61-6324,Archie,Bedinn,944-444-7027,Male,45,S9132
293,330-81-1797,Jocelin,Crummey,806-441-2968,Female,77,T25799
294,582-96-1187,Gerianne,Jacklin,476-842-9658,Female,44,S49001K
295,522-93-0405,Glendon,Dowry,601-289-4022,Male,70,T82867
296,579-04-8276,Dorrie,Sennett,722-544-7287,Female,69,S63276A
297,148-22-8847,Osmond,Siggin,176-705-0978,Bigender,48,Y37301
298,125-33-4278,Thibaud,Yukhnin,166-122-2839,Male,40,S52324D
299,220-76-7417,Juliana,Halhead,396-929-5329,Female,51,S92912
300,266-79-7419,Teresa,Cavozzi,248-921-9130,Female,35,T6592XD
301,155-51-8501,Chrystal,Gilbody,339-336-5494,Female,28,M84758S
302,204-86-6420,Carena,Heinke,325-298-3910,Female,38,T534X1A
303,786-11-1259,Berkie,Stalman,410-675-8067,Male,76,S82031J
304,864-33-1516,Erin,Munt,887-221-1921,Female,70,S73005D
305,783-44-9420,Karla,Snawdon,114-852-0039,Female,43,M7080
306,866-12-0003,Alvera,House,830-857-0038,Female,71,S62132P
307,884-45-9668,Yardley,Ternott,209-960-0239,Male,31,Z00111
308,451-10-1735,Borden,Musicka,908-481-3364,Male,53,T22119
309,374-04-7280,Isador,Halwill,367-392-9295,Male,40,S52501C
310,216-76-1327,Niccolo,Arnall,931-839-3178,Male,64,G5641
311,569-36-5199,Paton,Shelley,197-899-9641,Male,19,S599
312,293-04-4562,Brade,Auger,698-822-3712,Male,68,S37512A
313,803-53-4279,Sherman,Dymond,655-150-8985,Male,35,S36122
314,305-75-5916,Larissa,Scrase,412-768-6457,Female,65,R402224
315,215-06-1965,Davita,Pickford,338-590-3985,Female,74,S4200
316,685-18-0694,Shay,Tireman,626-670-0299,Male,25,S00469D
317,493-65-4504,Roxanna,Usmar,619-341-0514,Female,24,H35361
318,373-20-9698,Augustus,Hallam,619-165-3641,Male,44,H832X2
319,751-69-5854,Alia,Yezafovich,927-457-8666,Female,19,S52246H
320,231-38-4067,Micky,Dummett,346-599-3430,Female,20,S36113
321,633-01-9083,Adaline,Luberto,825-374-4898,Female,21,T63812D
322,605-96-0676,Zia,Braam,444-489-4648,Female,52,O9A42
323,212-05-6974,Hazel,Melling,645-305-4903,Male,38,S04032D
324,836-75-9404,Christie,Esland,873-362-0833,Female,21,T63611
325,478-15-0732,Wade,Crebo,801-104-8401,Male,74,T8331XS
326,817-28-3982,Dee dee,Tryhorn,355-684-9482,Female,33,T17390A
327,363-13-9239,Ramsay,Spender,160-877-5387,Male,45,S62661A
328,258-12-3945,D'arcy,Tulloch,393-414-6355,Male,36,S73101
329,198-11-6963,Randi,Folling,945-889-3668,Female,35,B9689
330,781-09-5874,Axe,Kalker,891-817-5303,Male,49,H11822
331,835-89-4845,Towney,Birkenshaw,665-117-7369,Male,51,S63006D
332,657-62-2796,Chickie,Faye,277-841-4889,Male,31,S92135B
333,811-33-9396,Spense,Dyer,398-724-4007,Male,29,S9612
334,683-33-6857,Willie,Purrington,846-347-8457,Male,39,Z4411
335,581-14-2135,Germain,Lepere,535-647-5563,Female,57,S53126
336,374-17-4177,Corney,Van Halle,577-322-7735,Male,36,G444
337,352-55-3021,Helenelizabeth,Bacup,450-744-5026,Female,71,H6103
338,243-36-7494,Pavia,Ellice,624-979-2375,Female,26,M8963
339,212-13-2141,Marie-jeanne,Raynton,575-855-7903,Female,52,H25099
340,259-40-5597,Tamarra,McGovern,702-140-1330,Female,49,V0199XA
341,552-13-0906,Darda,Glackin,333-198-2753,Female,23,B100
342,789-23-1452,Aila,Skermer,627-445-6231,Female,43,T25329A
343,894-23-9371,Monty,Weatherill,917-909-3210,Genderqueer,77,H47529
344,655-98-3275,Daniella,Collabine,395-259-6737,Female,59,S82861S
345,639-23-4831,Karel,Hinzer,896-581-9913,Female,49,S72499A
346,897-54-7077,Corbett,Kimbling,934-680-7857,Male,38,T461X2S
347,533-97-7501,Gill,Hempel,946-489-7008,Male,60,S72033J
348,559-84-2099,Vally,Pietzker,349-429-9936,Female,68,T83590S
349,225-53-9150,Godfry,Spinella,954-468-5832,Male,74,V623XXA
350,172-49-9599,Maggee,Skerman,884-246-7287,Female,65,W292
351,196-75-7902,Lin,Hyrons,331-780-5470,Male,30,D400
352,128-61-7951,Marissa,Kreutzer,781-567-5307,Polygender,24,S06820S
353,341-96-9121,Ryon,Crasford,590-179-8488,Male,59,T371X6A
354,374-09-8984,Bord,Fuster,126-871-0508,Male,71,S63655
355,761-20-4447,Thorin,Foreman,722-648-6566,Male,51,S76019D
356,819-66-1761,Vito,Gutsell,239-984-5102,Male,74,S52202C
357,696-04-8180,Bell,Roderham,743-639-6370,Female,51,T3499XS
358,423-60-9790,Nichol,Blanchflower,298-258-0391,Female,47,S63392A
359,110-67-3887,Zackariah,Linsley,419-628-2613,Male,68,E0521
360,240-91-3949,Nicky,Seagrove,947-280-4669,Male,73,S72322K
361,607-78-6147,Gerik,Ipplett,144-825-3924,Male,47,S66129S
362,187-16-9074,Nichols,Bew,439-545-4295,Non-binary,22,W5682XA
363,273-05-2709,Lorelei,Heading,938-573-7849,Genderfluid,19,S21159D
364,641-41-5447,Ursala,Gritsunov,727-233-7274,Female,62,T71192
365,508-51-9370,Bran,Pevsner,178-931-2553,Male,77,C5720
366,892-97-4386,Corina,Morgon,840-587-5868,Female,57,S7221XD
367,729-77-2334,Liza,Nani,579-756-2108,Female,18,D201
368,867-16-3825,Mathe,Cauley,571-507-4493,Male,23,S62662P
369,338-35-4062,Clarette,Alderton,695-491-0383,Female,48,O293X2
370,857-69-0814,Lennie,Coolican,346-369-0834,Male,40,S92525D
371,636-16-6381,Salomi,Klaussen,608-805-9146,Female,32,H832X2
372,325-48-8864,Moira,Corneil,183-614-6930,Female,19,S36429D
373,387-84-0744,Ricky,Shills,649-637-7291,Male,19,T24292S
374,342-50-4149,Sunshine,Meadowcraft,933-466-0250,Genderfluid,22,H8023
375,827-61-4793,Lyon,Steffens,530-696-2946,Male,29,S99099K
376,265-31-3874,Orella,Whitnall,488-869-9425,Female,73,S82425K
377,530-90-1633,Kermie,Zavattieri,250-132-4836,Male,73,T481X3S
378,378-13-8373,Trev,Syrett,519-832-4538,Male,43,S82155P
379,789-65-3845,Shoshana,Bryan,826-529-6844,Female,45,I25701
380,545-59-8409,Cortie,Yakebovitch,437-510-8985,Male,40,T45514D
381,576-27-4621,Derron,Vanyukov,847-818-8076,Non-binary,52,S24151D
382,893-96-6495,Bertie,Warratt,448-717-2306,Female,71,S80811D
383,282-91-4751,Luther,Killelea,782-618-8417,Male,43,M9301
384,665-31-1241,Alphonso,Ponting,577-763-9193,Male,18,S14159A
385,578-28-2058,Marilee,Benger,665-424-2515,Female,46,M26211
386,143-14-5210,Charlotta,Powdrell,931-623-1015,Female,27,M50121
387,196-12-0597,Penn,Athridge,777-926-8375,Male,36,M80029S
388,651-78-2403,Neal,Suddaby,300-822-5943,Male,39,T3222
389,506-55-5007,Adair,Kubatsch,572-899-5425,Genderfluid,66,S42266A
390,723-63-7714,Marilee,Noar,491-568-4746,Female,50,S85101A
391,674-33-9572,Mathian,Prater,963-475-5340,Male,69,S46191
392,444-28-2647,Cameron,Seabert,632-192-2501,Male,22,S84809D
393,647-83-3720,Naomi,Nowaczyk,657-646-7703,Female,25,S53103D
394,816-32-9815,Kayle,Ayling,154-504-9279,Genderfluid,58,S82851D
395,415-41-9805,Hadlee,Savell,418-337-5482,Male,59,C401
396,665-30-0379,Francine,McDermot,848-678-1194,Female,37,R063
397,180-41-4855,Dayle,Armitage,382-126-1508,Female,30,V503XXA
398,856-05-9784,Desi,Waszczyk,480-916-3178,Male,48,H6191
399,197-24-1654,Bernie,Davitashvili,234-661-7511,Male,61,S68110D
400,745-18-0847,Dario,Lies,291-363-0359,Male,33,H628X2
401,185-82-4295,Essa,Thornhill,788-719-9830,Female,60,S0280
402,842-11-4078,Genvieve,Benny,626-172-8198,Female,66,T7402
403,800-84-4660,Annissa,Gronav,112-538-6996,Genderqueer,45,I9779
404,821-85-8169,Ado,Applegarth,933-999-1953,Male,77,S75899A
405,499-44-5678,Shannon,Getten,566-454-8173,Genderqueer,55,T81505
406,118-74-9745,Bathsheba,Spraberry,601-733-6933,Female,20,T400X1D
407,878-68-3524,Llewellyn,Gillon,797-682-6838,Male,23,S75021D
408,799-36-0580,Haley,Chellam,342-515-2730,Female,52,V222
409,246-25-2454,Cindelyn,Eckersley,665-228-4227,Female,71,S20419D
410,410-15-0455,Laney,Siverns,842-209-7162,Male,67,V725
411,115-65-2644,Tera,Tremathick,195-945-1646,Female,18,S52511K
412,523-30-9906,Ammamaria,Phillput,945-471-9306,Female,32,T650X4
413,869-64-2127,Glori,McKissack,719-704-8148,Female,70,S61244
414,707-10-2218,Janaya,MacAnelley,365-876-1636,Genderfluid,67,S63062A
415,248-20-5781,Shae,Budden,412-478-1995,Female,37,M703
416,689-63-1894,Taffy,Vella,536-699-6213,Female,65,G372
417,253-71-9590,Nappy,Bowfin,652-286-7824,Genderfluid,50,T22729A
418,538-16-0244,Ayn,Yearns,960-448-2227,Female,37,Q780
419,205-65-6520,Wayland,Peracco,296-816-8079,Male,73,M86519
420,276-18-2092,Hedda,Marzelo,369-691-5260,Female,71,S21421S
421,155-57-6007,Grace,Felipe,941-620-6605,Female,60,E113553
422,359-09-0585,Pren,Haddy,302-643-5543,Male,44,S98321
423,512-80-8855,Nick,Readmire,729-740-6212,Male,76,Z89629
424,152-12-7043,Koo,Fawssett,440-743-3985,Polygender,38,S63250A
425,881-54-4487,Jasper,Skirling,836-787-3774,Male,43,S61149
426,136-20-7934,Mayer,Stanlick,990-990-2877,Polygender,47,S42011D
427,690-92-3746,Kelby,Finlow,365-624-0743,Genderqueer,62,Y36241
428,897-96-8594,Estelle,Radki,388-986-8639,Female,41,V80928
429,861-22-6227,Dorian,Heyburn,407-246-3412,Male,69,M23203
430,322-37-9083,Imogen,Patrie,500-984-9422,Bigender,74,W39
431,107-99-5801,Stanislaw,Faust,569-308-2796,Male,18,S52222F
432,232-06-1086,Aleda,Salkild,612-210-5710,Female,33,T83113
433,485-73-6854,Mersey,Cail,501-899-8656,Female,77,M61229
434,747-89-7265,Jeannine,Hildred,224-695-8737,Female,48,F1023
435,673-28-5881,Lodovico,Branchflower,261-428-1293,Male,70,S63274A
436,168-42-0317,Pincus,Lafond,424-709-4579,Genderqueer,28,S61441D
437,497-45-6003,Celestyn,Robottham,603-657-7120,Female,40,E093591
438,890-43-4375,Cassey,Kleinstub,258-208-0468,Agender,74,T85735A
439,209-76-2249,Cassey,Wederell,612-413-2822,Non-binary,51,S99141
440,457-14-5518,Muhammad,D'Ambrosio,940-965-2793,Male,69,S72352N
441,799-30-8942,Harlen,Claris,156-330-5988,Male,57,T502X1A
442,723-53-3396,Nev,Linge,145-497-6714,Male,56,V747XXS
443,506-78-5470,Arielle,Perrot,804-630-8713,Female,51,S42136
444,632-47-3921,Julita,Gallemore,226-231-6494,Female,53,S62031K
445,185-35-7181,Emmaline,Basilone,813-370-8511,Non-binary,35,T572X4A
446,658-13-0533,Tamqrah,Viccary,601-996-8243,Female,59,S82299J
447,326-37-5225,Aubrey,Hover,357-312-2488,Female,66,S63279S
448,695-71-9686,Gregorius,Jakubovics,211-739-2137,Male,65,M85342
449,573-28-7692,Kalil,Tumpane,614-341-0055,Male,21,S91212D
450,766-45-7628,Ewart,Deveral,205-643-5150,Male,65,Z373
451,262-34-1970,Gregg,White,398-500-4481,Non-binary,71,W210
452,387-06-0680,Ali,Sloy,404-655-8206,Male,52,V9185XD
453,169-40-3348,Herbert,Jozwicki,781-631-6919,Male,56,T394X1S
454,761-24-0552,Sidoney,Eaves,772-621-4514,Female,28,W3189XA
455,399-11-3772,Averil,Lansdowne,901-236-4288,Female,59,H18839
456,897-79-1679,Bertie,Cranidge,861-890-4319,Female,18,W2219XA
457,284-60-4330,Sophronia,Perel,785-327-4855,Female,65,S89021
458,366-04-1747,Angel,Beeres,262-632-2425,Female,50,I69990
459,331-59-8572,Shelden,Bennetto,830-560-2588,Male,38,V9731
460,379-99-0888,Sherlocke,Abethell,732-390-3840,Male,34,H10529
461,438-33-6066,Marge,Unsworth,909-615-9761,Genderfluid,32,S039XXA
462,360-23-0512,Westleigh,Deakan,265-345-8535,Male,32,E08351
463,691-18-9840,Emanuele,Stirley,846-947-9534,Male,73,S02110K
464,162-50-8626,Clare,Bishopp,264-966-5249,Male,76,T3471
465,159-37-9645,Hilliard,Comettoi,977-180-5931,Male,45,S79002A
466,765-67-8722,Leigh,O'Hoey,488-461-2056,Female,63,S92421S
467,512-03-8066,Reinhard,Birbeck,248-281-2615,Male,23,S76911D
468,486-37-0439,Idaline,Aluard,586-732-6477,Female,22,T827XXD
469,581-48-9228,Lesley,Browell,993-376-4888,Male,24,B470
470,709-76-1278,Melicent,Tullis,189-388-3575,Female,63,R718
471,247-16-8621,Georgeanne,Jaquemar,572-132-9732,Female,75,N012
472,562-97-2546,Ardene,Stanyard,470-778-2118,Genderfluid,43,S42024A
473,577-06-8141,Connie,Purdie,429-470-6030,Male,76,T2136XD
474,861-58-5025,Robena,Reddings,750-427-8131,Female,27,S82399F
475,853-72-1155,Jacky,Kirton,765-960-1403,Female,59,O01
476,307-79-9518,Tucker,Cosham,861-445-3157,Male,47,T404X3S
477,485-93-4284,Jefferson,Ivachyov,985-466-3904,Genderfluid,51,S31625
478,173-42-4476,Lawrence,Moyers,675-979-5021,Male,24,M89411
479,270-86-8001,Amil,Rickarsey,347-846-1360,Female,55,S52226J
480,173-35-9234,Thorin,Otham,457-721-5592,Male,22,F0781
481,636-98-5867,Gideon,Ibbitson,622-332-7327,Male,65,T24109D
482,391-38-0607,Letitia,Iffe,609-879-5084,Female,41,K5752
483,697-88-4940,Griffin,Ginnane,734-823-8582,Male,58,S9281
484,584-68-8644,Gussie,Minard,926-298-0245,Female,58,S92413D
485,658-70-0576,Aili,Reams,936-940-1437,Female,65,S82102
486,262-25-6911,Felicia,Seilmann,784-742-7972,Bigender,52,S36119D
487,730-51-2409,Lind,Albasini,476-567-6731,Male,53,M2031
488,715-15-1947,Erny,Derrington,642-713-9612,Male,35,M9131
489,165-54-0989,Maurits,Quan,730-446-9001,Male,21,T23512
490,593-12-8911,Land,Revening,942-232-4199,Male,74,T40995A
491,570-41-2803,Daron,Leif,749-612-6307,Genderfluid,67,S63131A
492,122-95-0680,Leupold,D'eye,486-206-3700,Male,45,S93692S
493,190-86-3974,Ab,Petty,695-751-1414,Male,29,C680
494,172-82-8431,Ronnie,Sherwill,557-630-9260,Female,62,Y92041
495,664-63-6029,Abram,Ackwood,901-283-5152,Male,35,S82455E
496,214-75-1636,Kimbra,Crockett,112-325-5508,Female,57,T24012A
497,211-44-5449,Nahum,Bootman,645-182-9288,Male,34,S62663P
498,355-17-4015,Tersina,Barns,203-567-5415,Female,21,M1A162
499,394-78-1746,Laurette,Galiero,650-484-8283,Female,63,S04049S
500,201-92-2560,Kimbell,Muldoon,119-163-9131,Male,63,M1A38X1
501,220-58-6686,Jobyna,Hark,810-178-4048,Female,49,S61211A
502,829-24-4229,Margalit,Iacovazzi,946-268-8327,Female,20,S62348D
503,631-77-5114,Cherise,Gregolin,512-722-1226,Female,60,S63418D
504,862-19-1426,Myca,Lightfoot,656-336-3905,Male,49,T22449S
505,547-75-6585,Reiko,Faucherand,184-583-8045,Female,66,T84028A
506,781-64-7304,Truman,Robottom,966-813-6154,Male,20,T492X2D
507,884-33-9594,Brandtr,Cloy,277-649-2680,Bigender,63,S648X1S
508,842-53-2746,Chicky,Canet,705-716-2293,Male,57,S93332A
509,665-31-2821,Dahlia,Locarno,957-906-2370,Female,54,T504X6A
510,371-81-5961,Lenette,Pioch,204-924-2330,Female,27,S06362S
511,601-43-3404,Roddie,Townby,937-540-0928,Male,61,O09512
512,561-48-4539,Massimo,Davidwitz,150-925-6278,Male,38,Z708
513,620-59-9437,Richy,Faircliff,386-618-3249,Male,66,O2671
514,836-55-8297,Lenore,Piscopiello,588-122-6978,Female,47,S52046J
515,313-50-4099,Thomasin,Organer,339-415-8689,Polygender,58,T398X2A
516,212-39-9435,Kellby,Dongles,667-821-5125,Male,39,S3705
517,794-11-2404,Lorene,Gumley,246-572-0588,Female,46,T410X2D
518,696-67-0267,Blanca,Clewer,623-583-3976,Female,51,S622
519,158-73-4329,Emanuele,Scarsbrook,873-378-4077,Male,42,T4146XD
520,582-56-7121,Maurine,Lawrie,688-791-7626,Female,36,M2102
521,723-03-5431,Aggi,Garrish,986-938-8169,Female,57,H4052X2
522,237-35-1706,Mirelle,Sagrott,357-391-2703,Female,21,H4040X3
523,287-24-8210,Joceline,McNeice,980-594-7472,Female,35,Y07420
524,569-18-1797,Gilda,Milton-White,148-995-0779,Non-binary,40,O3113X1
525,746-30-3202,Joycelin,Buckley,681-989-3374,Female,72,Z96698
526,693-88-2958,Tallie,Coweuppe,539-252-0990,Non-binary,31,O3452
527,143-27-5844,Zechariah,Hitchens,596-403-8909,Male,68,S82871D
528,701-89-2370,Ray,Allner,201-121-3875,Genderqueer,72,Y92251
529,703-34-2951,Hermine,McLewd,335-549-5760,Female,50,T490X4
530,341-64-1718,Merrie,Strond,798-470-4379,Female,67,V749
531,815-65-4184,Shermy,Bradtke,489-512-9563,Male,49,S4087
532,691-44-0166,Thebault,Koomar,353-450-0078,Male,30,T33539S
533,310-87-6273,Barri,Shire,898-864-9590,Male,67,S143XXS
534,269-15-0314,Dalia,Athey,417-771-5247,Female,51,S96229D
535,743-61-7558,Rivkah,Simmens,234-360-2039,Female,57,S62348B
536,893-79-2802,Delmor,Geare,176-950-5072,Male,20,W2113XA
537,869-94-7284,Elizabet,Forst,208-838-8329,Female,36,T2049XS
538,729-62-5002,Alameda,Coldbathe,919-553-8462,Female,52,T594X4D
539,886-22-3910,Sebastian,Thying,288-208-0216,Male,53,O873
540,251-72-8910,Livvy,Stredder,938-705-9519,Female,47,T480X5A
541,281-44-8659,Padgett,Naton,280-269-0356,Male,38,L0242
542,825-15-9777,Alvina,Deveral,511-777-5412,Female,27,S82291K
543,591-86-3244,Marcella,Martyn,897-167-8523,Female,36,S7710XD
544,294-90-0404,Garald,Phelan,858-747-0711,Male,69,S56292A
545,455-73-3953,Lucretia,Bonafacino,258-244-5109,Female,69,T23551A
546,717-19-0812,Melvyn,Nafziger,506-861-2842,Male,32,S2249XB
547,237-04-4985,Raviv,Gumey,483-645-7728,Male,60,S80219A
548,819-92-9168,Malachi,Garlinge,610-369-3033,Agender,76,T38895D
549,163-35-4544,Mortimer,Sterland,920-317-9442,Polygender,36,T23792D
550,638-17-1460,Bendicty,Arboine,506-276-5241,Male,70,S60372A
551,802-60-3047,Cristen,Helks,487-473-9585,Female,47,T81513
552,684-76-5610,Silvester,Pursglove,283-300-0811,Male,53,N8185
553,323-57-2808,Bernardine,Whyborn,200-200-9620,Female,33,T84223
554,171-60-9331,Rahal,Chevis,941-429-5044,Female,47,T8386XA
555,723-88-4387,Ashli,Pagitt,159-159-6568,Female,34,M84519G
556,363-22-1154,Lenard,Mortel,415-549-0833,Genderfluid,67,S60426S
557,334-36-8803,Marget,Ettery,658-374-0077,Non-binary,64,T48906S
558,414-77-5819,Aloysius,Brea,175-839-6247,Male,30,H7281
559,617-42-6181,Quintin,Woolatt,139-499-5800,Male,64,T3399
560,146-91-3984,Hinze,Elves,880-370-5088,Male,46,K562
561,307-16-5805,Moll,Dmisek,970-751-8455,Female,61,S35239
562,371-66-0309,Coreen,Shreeve,856-806-0074,Female,46,D18
563,227-42-4973,Nata,Harken,156-923-2071,Female,18,H1045
564,128-75-8144,Euell,Fosbraey,526-860-7722,Male,27,S42365
565,219-96-7385,Shelby,Willeson,503-469-0052,Male,62,S72436D
566,276-51-0275,Gardiner,Pengelley,507-435-0626,Male,44,S72114C
567,506-63-1922,Karalynn,Ashford,827-722-4087,Genderqueer,41,S11024S
568,877-26-5941,Angel,Cantu,554-288-8165,Male,24,S63113D
569,304-80-9911,Hermia,Kinastan,387-904-0549,Female,52,S42422
570,843-78-3314,Heddie,Litel,479-714-4761,Female,34,S82821S
571,653-69-8530,Faulkner,Keppel,704-142-5751,Male,39,M94219
572,771-71-6054,Wilhelmina,Ambroix,118-715-3316,Non-binary,31,S72033J
573,526-49-3955,Carola,Piesing,376-863-6065,Female,69,S92033B
574,611-44-2257,Salaidh,Rasell,965-578-4710,Female,29,H331
575,139-36-5509,Corilla,Zimmer,724-939-2883,Female,36,T82213D
576,571-18-7436,Corbet,Millis,546-653-3623,Bigender,76,T34812S
577,700-08-5691,Isak,Maydwell,882-392-4004,Genderfluid,55,S833
578,483-14-9793,Nicol,Meuse,204-549-2469,Male,64,S42336S
579,685-70-5339,Sephira,Camous,521-411-3250,Female,26,T491X1A
580,602-68-6184,Franciskus,Tomaschke,411-190-0401,Male,69,T83121D
581,511-83-3822,Gareth,Vize,609-453-8735,Male,50,T23579
582,676-71-9998,Montague,Cloute,418-681-7970,Male,53,T450
583,664-45-2350,Hyacinth,Matej,149-335-3797,Female,70,S43492D
584,789-98-2530,Horst,Carpe,612-879-1098,Male,70,S12291D
585,137-56-9211,Patsy,Weblin,239-349-2884,Male,39,T80A9XA
586,860-73-2556,Perry,Mingauld,665-819-2648,Female,38,S70912
587,353-28-3400,Benn,Ballinghall,813-751-7653,Male,71,T6594XS
588,427-55-9255,Gasper,Donson,420-251-4605,Male,27,T81514S
589,467-71-9076,Chelsy,Cowely,813-183-3553,Female,23,W5632XA
590,338-80-1220,Moyna,Dobbyn,406-595-6027,Female,63,M216
591,237-91-7048,Bobbye,Gilardi,477-353-3807,Female,65,H2004
592,518-52-4023,Pattie,Bach,830-354-7059,Male,23,R85616
593,218-97-5756,Selinda,MacGrath,561-564-7059,Agender,26,M602
594,432-16-2714,Beaufort,Dwelley,945-764-3214,Male,69,S72122Q
595,731-88-7989,Babbie,Kubis,510-724-0808,Female,53,S65299A
596,761-99-8334,Brendin,Imrie,180-408-6737,Male,66,T41296A
597,875-65-3563,Windham,Fitzgerald,505-469-2154,Male,29,T24722S
598,570-49-3952,Tailor,Hotchkin,690-890-6272,Male,45,T83518D
599,833-28-8122,Karyl,Kitchingman,168-318-2912,Female,43,T65824S
600,875-92-2121,Vincents,O'Hingerty,847-887-3579,Male,60,T502
601,598-70-3644,Ranna,Scapelhorn,874-227-8679,Genderfluid,74,S2752XA
602,667-72-5881,Evin,Conkay,972-284-6334,Male,49,S0140
603,797-34-2122,Van,Troy,928-291-1694,Agender,21,F12159
604,352-85-3778,Nathalie,Scrivener,770-512-9803,Female,70,S42473D
605,279-12-9751,Ky,Peepall,876-921-4371,Male,19,D039
606,307-11-3362,Guglielmo,Carnock,607-459-1710,Male,19,G440
607,567-90-2257,Aretha,Knightly,652-436-5924,Female,35,T85633A
608,808-37-0156,Bonnee,Segot,360-887-8703,Female,35,T445X4
609,326-44-8190,Cameron,Nicholls,445-792-9956,Male,18,O403
610,168-14-5745,Aeriell,Greser,194-886-9212,Female,70,H330
611,476-15-1301,Keri,Hagger,581-145-3868,Female,38,T2443
612,393-23-8965,Christopher,Geater,436-177-4089,Male,77,S82409G
613,314-65-3266,Tandie,Conre,736-426-3512,Female,36,C4A1
614,397-38-0401,Alvin,Van Bruggen,123-549-8066,Male,69,O348
615,324-90-3695,Clint,Puddephatt,688-163-5046,Male,63,S338XXD
616,140-58-3776,Christian,Hubball,195-298-7865,Male,18,S62350D
617,258-14-2033,Liana,Rowesby,407-682-8924,Female,42,S8981
618,854-47-1243,Em,Shory,943-861-8768,Male,63,M8638
619,184-98-0314,Brockie,Constable,905-423-1474,Male,65,X111XXA
620,843-30-9929,Moshe,Whight,601-491-6724,Male,38,H5921
621,180-25-9768,Jania,Gammett,887-216-9223,Female,41,T834
622,357-36-5294,Kirsten,Goodoune,576-305-2227,Female,46,V4312XS
623,208-29-6437,Ernst,Tolfrey,355-829-3917,Male,53,S92309P
624,654-21-1231,Sidoney,McConnulty,604-524-0422,Female,59,T8623
625,321-81-4679,Gwenny,Allmond,760-965-7113,Female,57,S3095XD
626,725-15-6145,Shelli,McCurdy,773-158-0784,Female,50,V9132XD
627,118-67-0071,Reilly,Jaume,480-898-7168,Male,69,S3702
628,766-82-7929,Carolina,Camier,354-721-2811,Female,26,S89042S
629,448-91-4617,Cale,Goathrop,504-379-1493,Male,62,T382X5
630,667-49-9207,Violetta,Klemensiewicz,673-165-5872,Female,75,T22719D
631,894-66-1179,Aime,Targe,741-219-0461,Female,77,Z90410
632,257-72-7264,Cordie,Swayte,908-942-6542,Male,48,T86849
633,760-42-9997,Hy,Muge,393-844-3514,Male,20,M0011
634,854-57-5690,Clovis,Callow,832-520-0510,Female,74,W5681XD
635,484-27-4377,Burr,Pownall,937-718-0269,Male,36,M2009
636,134-74-6068,Domenico,Poxton,191-107-6870,Male,52,S73014D
637,307-45-3120,Frances,Illwell,255-217-5077,Non-binary,66,D5701
638,565-47-8357,Darlleen,Kinvan,341-100-0426,Female,60,H93232
639,652-83-1672,Kain,Dyhouse,348-697-4374,Male,66,S63651D
640,205-72-3861,Avivah,Diehn,707-430-0172,Female,19,S68614A
641,554-94-0044,Patrica,Inggall,829-544-7211,Female,61,K5181
642,328-27-3087,Ingrid,O'Dulchonta,366-435-6861,Female,23,V84
643,376-77-4676,Debera,Di Matteo,895-684-3936,Bigender,54,M84750K
644,502-85-5932,Bondie,Bewsy,879-105-7026,Male,46,S72436C
645,250-77-9299,Lukas,Spivie,947-644-7206,Agender,19,G4341
646,600-39-0889,Todd,Arpe,584-117-7273,Male,71,F12229
647,157-81-0401,Ignace,Yesenev,251-554-6207,Male,50,V505XXS
648,541-49-4063,Rita,Setchfield,222-286-0982,Female,50,O4100X3
649,614-79-1107,Way,Graeme,429-125-5231,Male,22,H4010X0
650,347-26-4868,Marcelo,Maurice,478-672-9654,Male,40,C8596
651,119-59-7870,Tessie,Danilchik,211-370-9046,Female,75,H9482
652,714-59-7144,Price,Philipard,386-635-7008,Genderqueer,43,M9961
653,798-65-8535,Kameko,Lamar,776-332-9668,Female,67,H15121
654,331-48-2450,Idaline,Sample,358-319-1124,Female,30,S32421A
655,516-84-1017,Janith,Camden,798-859-4271,Female,63,T596X1S
656,389-35-5838,Calla,Bosma,903-921-0326,Female,27,M4851
657,743-30-1525,Gregorio,Crickett,892-228-1732,Male,46,T451X1D
658,664-37-9173,Illa,Bolitho,379-667-3582,Female,42,K660
659,862-40-1368,Mariejeanne,Beckerleg,706-933-7054,Female,25,S63653A
660,701-91-9896,Brant,Grievson,612-523-7238,Male,22,G43401
661,715-91-0129,Valli,Biggadyke,518-614-2227,Female,50,O72
662,590-53-2430,Morena,Martynka,789-862-1119,Female,41,M0627
663,772-62-0187,Lev,Wellan,672-443-9649,Male,22,M959
664,701-24-6679,Erl,Hildred,339-518-2989,Male,35,V124XXD
665,329-73-9715,Coral,Muckloe,473-943-6188,Non-binary,26,S91011A
666,376-62-0341,Grissel,Begbie,788-860-1924,Female,55,P049
667,611-13-3765,Vi,Arrigo,904-484-0473,Bigender,42,M84452A
668,675-33-4718,Zitella,Hankinson,379-683-2601,Female,53,T85628
669,360-71-4216,Alexia,Gaynsford,543-407-5608,Female,32,T434X2A
670,775-07-4826,Dulcea,Shilleto,675-528-4642,Female,54,H02024
671,737-08-4740,Oneida,Samper,697-269-7181,Female,63,M84651S
672,294-77-8776,Cherri,Atyea,171-189-8144,Female,77,M4313
673,414-04-7738,Dredi,McGragh,727-720-7259,Female,45,S23429
674,830-21-7454,Cherri,Monan,280-381-3359,Female,19,S82226R
675,784-77-1245,Clemmy,Tyre,346-636-6080,Female,19,S37819D
676,273-10-6189,Randolf,Matyja,967-727-8294,Male,40,T84121
677,553-40-6247,Knox,Youde,723-485-7067,Male,21,S02602D
678,403-24-6783,Olivette,Tabbitt,857-691-7830,Female,32,S79921A
679,396-60-0110,Carri,Folke,974-365-5031,Female,26,S63114D
680,416-08-1313,Sinclair,Sudddard,875-302-4461,Male,20,M65839
681,145-49-7710,Curtice,Leopold,334-889-6557,Male,76,V9354
682,888-77-3773,Gabriella,Walcher,805-825-1330,Female,41,S79132D
683,817-78-5317,Shani,Marchment,477-327-7545,Agender,46,T447X1S
684,717-01-7450,Danell,Cutress,970-560-8436,Female,55,H4602
685,386-20-2757,Melany,Ollerhad,347-826-4290,Female,20,T85820A
686,113-28-2096,Demott,Hardisty,908-516-2230,Male,42,S6260
687,815-26-2311,Kissee,Standidge,937-763-8771,Bigender,26,T370X3
688,866-92-1193,Sawyere,Mansbridge,493-322-9554,Male,55,S72355P
689,129-35-5868,Siana,Skingle,440-340-8756,Female,46,H1081
690,769-41-2565,Roana,Waldren,309-387-0683,Genderqueer,44,T671
691,629-82-3786,Umberto,Bissill,440-586-7113,Male,69,G573
692,682-56-3272,Amabelle,Witson,747-123-6103,Female,64,S93305
693,570-04-4149,Flinn,Craze,812-167-2811,Male,64,S82153J
694,490-35-9793,Anett,Pirrie,160-170-7860,Female,74,M9068
695,879-18-6251,Charlotte,Rickard,268-744-0746,Female,21,R710
696,108-48-5586,Arnie,Longson,707-193-3711,Male,48,M5440
697,570-77-6097,Antonio,Woolager,922-506-8246,Male,55,L2489
698,674-85-8996,Moreen,Bortoletti,552-871-4309,Female,36,T45525A
699,758-83-9869,Manolo,De Caroli,345-298-0239,Male,37,H6053
700,497-59-9896,Taber,Crombie,887-122-8555,Male,18,M67272
701,161-25-7725,Vance,Fontanet,645-494-1571,Male,70,T2311
702,134-81-0041,Marlo,Le - Count,902-798-1251,Male,65,T448X4A
703,380-56-8177,Fredrick,Sawers,206-150-8357,Male,53,S72445
704,500-31-3314,Vivyanne,Wrightam,474-937-4626,Female,59,H160
705,827-85-4105,Jacqueline,Samms,526-467-7045,Female,77,H5935
706,444-46-5028,Roxanna,Hatrick,734-658-6624,Female,24,D802
707,169-28-9578,Carroll,Lesper,787-526-7938,Female,34,T22291
708,388-75-4597,Deedee,Stroban,237-544-1423,Female,67,T17410
709,450-77-7334,Reinald,Sheppey,427-277-5465,Male,45,S68721A
710,331-77-3082,Ade,Trim,519-202-4209,Male,25,T413X2A
711,802-23-6791,Eziechiele,Creenan,689-839-1343,Male,57,M66869
712,499-46-6565,Genna,Lighten,640-559-0707,Female,59,M21729
713,803-65-9199,Benson,Tocqueville,463-145-2592,Male,74,M762
714,150-53-0229,Winthrop,McArley,512-181-7677,Male,59,V174XXS
715,396-82-2132,Bunnie,McHenry,274-759-3359,Female,69,S82401E
716,861-18-2941,Jacques,Edmeads,864-240-3131,Male,21,S92425K
717,407-86-2725,Lexis,Stonebridge,730-385-5149,Agender,68,O351XX4
718,531-43-3898,Rory,Nunn,444-848-5358,Male,31,H04202
719,450-17-9987,Wildon,Fosten,536-171-8991,Male,37,K950
720,491-53-9202,Lillis,Paton,114-285-7276,Female,25,S62658K
721,679-38-5012,Fredek,Lillecrap,173-351-0759,Male,27,C7230
722,602-62-1995,Carree,MacAndreis,929-630-8861,Female,64,S52231
723,349-98-0172,Sib,Klaussen,378-618-4566,Female,70,T473X3S
724,154-52-2505,Chlo,Wittey,204-956-2499,Female,54,O2250
725,849-33-5290,Kayley,Lewsley,274-716-4552,Female,58,V9012XD
726,159-85-4129,Towney,Reightley,513-514-1303,Agender,47,I6001
727,871-13-3360,Taber,Perrot,320-116-2617,Male,28,T85320
728,237-25-5955,Anetta,Davsley,678-507-9208,Non-binary,24,S71119
729,862-90-7124,Dehlia,Syddon,316-873-2318,Female,30,S82114E
730,168-17-4279,Conrade,Von Brook,564-454-5842,Male,55,S72146B
731,736-02-2655,Lock,Dorran,374-408-0329,Male,58,Y29XXXS
732,616-68-8112,Lemmie,Melburg,892-904-5299,Male,28,S50322D
733,264-26-4403,Torrin,Pickett,752-793-9939,Male,36,S71149S
734,271-70-2781,Alleyn,Coade,262-504-1290,Male,64,V5929
735,413-29-8621,Rosa,Rollingson,321-628-8025,Polygender,58,M87162
736,730-37-9814,Jessa,Stolting,981-788-1452,Female,50,T83191
737,321-38-6530,Falito,Juris,123-548-3756,Male,34,S3722
738,103-80-2410,Hetti,Cottey,150-380-6045,Female,52,T447X5A
739,402-58-4329,Raoul,Scholes,710-944-1904,Male,61,M84319S
740,412-30-3372,Randall,Erskine,542-826-0858,Male,58,T508X2S
741,728-97-2985,Shermie,Londer,931-501-1109,Male,61,S21352A
742,201-36-5091,Isa,Burchall,367-354-8688,Female,19,S92425K
743,329-44-5166,Vladimir,Koenraad,635-907-8365,Male,48,S22011A
744,450-87-7163,Allene,Corbin,916-967-7377,Female,42,S99102A
745,582-39-8239,Rosita,Duesbury,218-993-0715,Polygender,60,S62153S
746,327-68-3207,Sabrina,Cozzi,456-526-0273,Female,74,O36092
747,604-63-7959,Donall,Gilbard,315-585-0257,Male,56,S73102
748,179-94-5315,Lynette,McHaffy,812-454-1735,Female,62,S51841D
749,504-93-9692,Rudiger,Strangeways,567-445-3399,Male,26,S72422R
750,129-37-1736,Tate,Bernardoni,130-325-7314,Female,67,S52022H
751,895-36-6942,Coral,Jannasch,162-567-8582,Female,35,I75
752,524-78-5393,Almire,Mattin,604-195-3998,Female,62,S14133
753,885-24-8201,Greg,Phelp,408-382-0500,Male,75,S91041A
754,341-58-5036,Wat,Cooch,726-795-5890,Male,34,T23779A
755,761-28-9476,Stephani,Liccardi,555-480-5275,Female,58,V429
756,752-37-9665,Brandy,Mendes,479-458-6663,Female,76,B9730
757,219-85-1746,Shaw,Airds,457-974-6201,Male,31,B588
758,662-13-7793,Barnabe,Garham,359-452-2229,Male,75,W57XXXS
759,337-56-5418,Werner,Antonietti,289-189-6663,Male,61,Z003
760,895-09-4982,Jarret,Vidineev,318-721-9422,Male,51,T319
761,485-79-6817,Lorant,Healy,512-493-4894,Male,18,S61356A
762,557-50-1030,Ignacio,Fayter,832-242-4722,Male,51,T368X6A
763,713-65-9014,Alric,Gerard,586-174-1912,Male,23,S76919D
764,852-44-8463,Benita,Swalowe,121-956-0172,Female,73,S75019S
765,700-93-3949,Sibby,Janout,376-845-4278,Female,66,S83212
766,817-58-2783,Bernita,Audritt,662-969-2266,Female,26,S00249
767,439-45-9506,Tades,Ring,288-779-4344,Genderqueer,69,T23291D
768,611-79-8694,Matthus,Tadgell,562-229-4768,Male,45,S2223XD
769,890-76-1603,Vanni,Roseby,480-766-1759,Polygender,41,S61237
770,337-88-6061,Merralee,Daughtry,990-165-3529,Female,76,M11222
771,839-52-8217,Averill,Perham,567-740-5299,Male,18,Y35302S
772,498-31-2155,Clim,Niese,549-397-5816,Genderfluid,39,S32451K
773,788-57-9823,Stillman,Iacofo,573-850-0087,Male,28,S42114D
774,637-52-1522,Sauncho,Whenham,218-796-3707,Male,26,S52211A
775,277-65-4956,Alphonso,Crumpe,935-658-2280,Male,67,M24841
776,791-19-7577,Chrotoem,McAlroy,907-841-0723,Male,72,S9301XD
777,584-23-7803,Arlina,Ridder,987-838-4944,Female,76,Y36261S
778,849-11-5745,Shaylah,Sallan,881-728-0427,Genderqueer,69,M87319
779,314-18-0312,Beryl,Birbeck,177-205-1968,Female,34,T446X4S
780,318-89-4280,Heidie,Wingate,908-275-5201,Female,36,S52559F
781,731-92-7125,Lewes,Darlow,329-139-7393,Male,27,T2034XS
782,516-82-6729,Frieda,Raynton,577-533-2102,Female,36,T33011
783,876-49-1328,Saidee,Hawken,614-499-1279,Female,48,H5210
784,495-41-3922,Isahella,Lepere,500-873-6123,Female,63,S7221XB
785,107-38-7374,Christiano,Crippen,718-276-5788,Male,24,S56121A
786,882-71-1052,Aarika,Hatter,283-971-0332,Female,68,M92201
787,453-08-4774,Jocelyne,Gianuzzi,648-782-4052,Female,32,S0280
788,681-53-3755,Judd,Uden,577-166-3967,Male,34,H26042
789,878-36-2287,Reynard,Armor,744-785-9040,Male,74,S50312D
790,385-56-1623,Sargent,Benedicte,655-146-8608,Male,33,S52302F
791,607-91-8031,Cherrita,Trenbay,362-299-5800,Female,27,H44622
792,435-15-3407,Kris,Murrill,173-370-1604,Male,43,H1849
793,779-15-2500,Nichol,Jacqueminot,990-449-2373,Female,64,O1492
794,633-73-1759,Ozzy,Huntriss,424-873-4081,Male,35,T43693
795,755-85-4231,Ron,Ondracek,260-850-0503,Male,41,M84462A
796,262-33-8866,Maxy,Reeson,180-572-8871,Female,55,T76
797,495-55-4827,Estevan,Satterley,257-775-4297,Male,33,T2034XD
798,846-91-5875,Carver,Dobey,674-385-7708,Male,48,T7602XA
799,828-10-7216,Ariadne,Mouan,133-540-6402,Female,60,S62624S
800,574-49-0747,Bobbie,De Biasio,508-419-8802,Female,58,M764