id,ssn,date_of_visit,cost
1,270-34-0942,10/22/2023,956385
2,554-29-5254,04/11/2021,755917
3,239-30-4051,03/02/2021,97764
4,236-24-0788,12/07/2021,35562
5,850-52-7439,01/20/2023,47010
6,559-82-6677,08/05/2021,470546
7,726-24-8374,09/29/2022,797686
8,532-93-3664,02/07/2023,38710
9,186-48-1214,07/13/2022,124425
10,888-36-3791,01/26/2022,741091
11,874-01-3996,03/17/2023,113697
12,307-15-5271,07/03/2022,13530
13,716-08-0139,09/16/2021,160916
14,273-49-1726,11/21/2022,174652
15,573-69-9037,10/26/2022,100285
16,491-34-6836,10/30/2023,324691
17,770-34-9619,08/30/2021,579364
18,807-31-3884,01/26/2022,448744
19,864-77-0814,12/10/2020,116753
20,506-91-4175,05/14/2021,149820
21,450-53-8775,03/08/2023,367080
22,450-48-1366,08/30/2023,84095
23,747-34-6566,03/22/2022,293801
24,567-07-1408,03/17/2021,294754
25,832-70-7374,07/15/2023,831137
26,226-06-3591,05/26/2023,559566
27,895-13-6381,08/22/2022,354329
28,724-35-8999,05/20/2021,138241
29,343-62-5633,05/27/2022,347615
30,273-98-6948,12/21/2020,419286
31,223-88-7391,08/19/2022,208546
32,189-22-2105,05/02/2023,766715
33,382-18-8544,10/29/2022,706540
34,755-38-4148,03/07/2021,213842
35,356-07-0814,11/04/2022,704017
36,526-33-7144,08/29/2022,594964
37,737-25-0184,05/31/2022,114692
38,206-59-0791,01/17/2023,149261
39,516-27-0420,02/03/2021,736294
40,234-58-1945,01/04/2021,445092
41,793-75-8153,08/28/2021,426510
42,570-34-5592,08/11/2021,42288
43,385-25-2286,07/25/2023,80606
44,849-82-0267,08/09/2023,834402
45,821-28-3050,11/17/2023,530175
46,451-72-5546,07/22/2021,200932
47,246-24-6227,11/15/2023,205372
48,891-99-1724,04/03/2021,20241
49,479-13-7925,02/13/2023,296180
50,337-63-8691,01/31/2021,615574
51,528-40-4202,02/26/2022,408632
52,222-95-6238,02/15/2021,894751
53,802-89-4301,04/02/2023,539425
54,796-52-5513,07/12/2023,195629
55,291-19-7635,07/31/2021,325571
56,199-91-2671,07/25/2021,236035
57,648-02-8825,03/18/2023,334865
58,353-72-2287,07/05/2022,619793
59,845-14-0959,12/23/2021,568619
60,212-58-6804,06/11/2021,26536
61,263-63-9281,11/09/2022,301761
62,221-84-8881,09/10/2022,268081
63,197-32-7796,10/05/2022,582703
64,128-81-1993,09/06/2023,805854
65,608-23-6400,05/29/2022,973821
66,879-77-5319,02/06/2022,360856
67,141-04-5168,07/28/2021,163325
68,583-78-6639,06/28/2023,617555
69,611-96-0066,06/10/2022,861227
70,890-69-2784,12/23/2020,906928
71,243-43-1031,01/01/2022,480250
72,365-24-7836,10/14/2021,114474
73,640-11-6333,05/19/2023,769751
74,333-14-9331,11/25/2021,566892
75,179-81-5334,07/17/2023,380689
76,469-84-4590,09/08/2022,42233
77,526-98-2441,02/04/2023,879003
78,165-20-8086,08/14/2023,664629
79,622-89-5304,12/25/2021,665758
80,358-30-8768,01/01/2023,994880
81,884-50-2555,06/16/2022,734441
82,681-35-1613,07/10/2021,379550
83,366-64-7246,05/29/2022,699990
84,577-20-3667,01/18/2022,253598
85,383-97-7086,05/21/2021,246518
86,280-88-5664,12/06/2022,685739
87,102-53-9097,07/03/2023,553747
88,521-91-1103,01/08/2023,834415
89,595-83-8935,01/02/2021,128992
90,876-12-1979,08/15/2023,314897
91,725-63-6026,09/03/2023,905495
92,779-37-0550,03/10/2021,18295
93,796-66-7364,07/21/2022,54502
94,850-22-0672,09/06/2021,215423
95,153-75-9783,05/04/2023,615165
96,629-66-1090,09/20/2021,397811
97,799-44-4876,12/02/2020,261256
98,424-17-5229,07/21/2022,799476
99,676-37-9126,02/08/2022,570237
100,857-63-0173,11/27/2023,687778
101,376-94-0169,07/14/2022,889642
102,306-46-2472,05/05/2022,830692
103,686-57-8770,09/11/2023,990111
104,463-59-6418,12/23/2021,519073
105,449-94-4103,12/13/2021,315742
106,365-69-2286,11/19/2021,978831
107,819-12-7132,05/19/2021,625553
108,457-90-9338,01/11/2023,744063
109,291-62-8384,05/28/2022,114593
110,225-64-7900,04/23/2022,74998
111,755-86-0078,01/21/2022,995410
112,794-56-0064,08/06/2022,759111
113,462-13-6765,06/15/2023,107331
114,868-87-6821,05/11/2023,241138
115,220-16-4494,12/12/2021,690775
116,815-44-5730,12/24/2022,350277
117,894-65-5425,06/14/2021,155820
118,832-45-3640,06/03/2021,257642
119,541-82-8376,11/08/2023,657910
120,254-48-0910,11/21/2022,561838
121,365-86-1776,01/24/2021,847591
122,754-97-2877,07/22/2021,572589
123,206-07-1077,11/23/2022,891982
124,611-94-2850,09/21/2022,297908
125,643-26-4645,02/11/2021,351510
126,825-26-4074,08/13/2021,53365
127,481-26-9458,05/18/2021,181274
128,233-01-3357,05/25/2023,606845
129,554-45-1884,12/02/2022,631814
130,288-47-0752,10/22/2022,216170
131,897-81-3276,08/14/2021,771307
132,287-92-5339,10/29/2021,250001
133,238-14-0281,06/21/2021,455291
134,599-06-6585,06/09/2023,253561
135,515-18-3034,03/04/2022,429059
136,781-23-2821,07/16/2022,588068
137,411-10-3318,09/17/2023,163913
138,163-51-2136,05/20/2021,469653
139,746-14-3735,11/11/2021,466466
140,344-48-2828,10/12/2022,856668
141,308-45-1591,09/21/2021,11439
142,124-87-4444,03/04/2021,888255
143,451-11-1366,03/25/2023,646843
144,348-44-8469,02/13/2022,645389
145,814-64-0800,11/12/2023,145752
146,153-13-4106,02/02/2023,457912
147,248-55-7412,01/06/2021,289601
148,329-23-4402,04/13/2023,268106
149,442-24-8700,02/27/2023,770654
150,208-12-8465,03/03/2023,227914
151,839-48-2548,04/06/2022,748055
152,860-78-3939,12/31/2022,68891
153,511-42-2022,09/28/2023,161623
154,668-49-3175,07/16/2021,613826
155,364-16-1882,02/23/2023,471168
156,252-95-2154,10/18/2022,697414
157,238-94-4220,11/19/2021,678784
158,276-93-6159,04/30/2021,860543
159,636-43-0545,06/05/2022,51562
160,705-74-3480,01/18/2021,7980
161,122-11-9831,02/11/2023,809182
162,179-49-7848,01/01/2022,489358
163,200-04-1543,03/25/2021,897680
164,432-87-2529,11/05/2022,311809
165,322-46-6283,08/05/2023,311069
166,555-95-4450,06/25/2023,707690
167,218-78-1944,10/04/2022,261088
168,391-54-9864,03/24/2021,340309
169,569-43-5081,09/18/2021,762379
170,510-93-7918,10/14/2021,294523
171,535-63-9280,06/19/2023,7793
172,438-47-8263,01/02/2021,889752
173,471-07-9359,05/29/2023,295966
174,811-70-8949,01/01/2023,625000
175,289-99-3785,05/09/2021,933034
176,525-74-7532,09/16/2021,570270
177,181-35-6165,09/26/2021,53436
178,609-12-0501,03/01/2022,645719
179,390-81-9573,06/24/2022,151939
180,249-71-4450,05/02/2022,126851
181,438-60-4856,04/14/2021,151701
182,479-52-5821,02/26/2022,402551
183,174-69-4498,02/04/2023,911962
184,565-38-0301,04/23/2022,959700
185,593-46-0079,08/10/2023,315777
186,497-03-8445,02/21/2023,836568
187,104-84-6181,03/06/2023,265327
188,114-05-8760,12/14/2021,423881
189,227-59-4862,06/25/2022,956971
190,519-93-4142,12/07/2022,594568
191,370-47-3017,03/13/2022,203486
192,486-52-4886,10/31/2022,724694
193,420-69-7404,12/01/2020,181003
194,370-96-9469,10/20/2023,955895
195,615-51-5200,02/10/2023,367743
196,191-69-4651,01/20/2023,348715
197,537-27-0682,08/26/2021,369050
198,296-55-0636,01/22/2023,462223
199,643-29-1115,12/17/2020,985004
200,350-56-9717,12/12/2020,625968
201,448-50-1984,06/22/2022,132434
202,627-18-8996,09/13/2021,860235
203,255-87-1586,12/24/2022,685446
204,887-70-9042,02/25/2021,687560
205,139-62-9351,06/17/2021,177001
206,404-67-0263,07/11/2023,238976
207,580-14-4015,07/07/2023,278613
208,107-38-3780,12/25/2022,149472
209,787-43-3140,01/31/2021,754143
210,448-56-7140,03/14/2021,861854
211,143-99-0296,12/17/2021,717171
212,820-90-1256,11/18/2023,965131
213,474-16-6697,03/07/2021,789768
214,539-56-5864,01/17/2023,823947
215,768-98-7738,10/07/2022,891046
216,564-03-8058,08/14/2021,55323
217,558-98-1053,02/03/2021,884081
218,879-18-6901,10/02/2021,276598
219,711-49-5679,07/28/2022,342909
220,825-06-8372,03/09/2021,352318
221,526-03-5795,01/20/2021,157629
222,408-20-6014,01/12/2022,823454
223,268-67-4299,04/14/2022,508264
224,641-92-9838,04/27/2022,567183
225,472-99-7328,03/22/2021,879847
226,401-66-7947,09/06/2023,264524
227,899-79-6364,05/24/2023,515565
228,221-65-5672,08/15/2021,473489
229,480-57-9611,07/30/2022,61837
230,274-96-5349,04/15/2023,845065
231,321-43-7976,01/27/2021,556856
232,393-01-9600,06/04/2022,211788
233,479-81-4973,09/01/2021,823606
234,891-77-9455,12/05/2021,608359
235,746-19-4723,12/08/2020,526284
236,672-31-3924,11/16/2021,71208
237,230-05-7187,08/24/2022,677537
238,241-69-9593,10/23/2021,996706
239,493-64-4025,02/13/2021,581072
240,202-62-7364,12/08/2020,554003
241,535-28-1965,05/06/2023,905946
242,277-81-0488,09/21/2022,175925
243,673-69-2908,08/07/2022,266088
244,751-90-6859,04/06/2023,893708
245,622-89-0696,06/20/2021,165415
246,852-62-1374,04/05/2021,965025
247,495-60-5381,02/20/2021,967833
248,211-11-3465,01/14/2022,224190
249,634-65-3201,09/27/2023,365195
250,146-43-7369,06/18/2022,367899
251,600-48-1684,10/05/2021,570656
252,525-03-9850,12/20/2020,566036
253,590-75-1017,07/13/2022,854072
254,648-28-9617,04/01/2021,507153
255,721-97-3729,04/18/2023,550702
256,296-05-2820,06/07/2022,556487
257,255-54-0411,10/25/2021,219597
258,547-32-6524,04/02/2022,225495
259,554-36-3039,10/14/2023,547383
260,347-18-7339,02/09/2021,347368
261,386-47-9048,06/11/2021,559012
262,811-75-5536,02/17/2022,146604
263,274-55-6919,09/21/2023,943581
264,833-25-8295,02/15/2021,392821
265,443-91-6679,05/08/2022,309873
266,128-86-6634,05/03/2021,696735
267,697-20-6029,02/18/2022,451089
268,199-52-0461,11/19/2022,929532
269,590-30-3875,10/29/2022,991797
270,367-67-4747,04/17/2022,924477
271,328-65-4815,12/15/2022,826959
272,337-24-3683,08/26/2023,880356
273,668-57-5595,03/27/2023,801346
274,568-19-0177,03/27/2022,732589
275,720-20-0852,01/26/2023,252484
276,593-06-9252,01/26/2021,412549
277,359-01-2898,09/09/2022,74422
278,655-76-0874,06/21/2023,180079
279,257-98-8774,03/17/2022,444890
280,834-79-1808,05/26/2023,518106
281,399-56-6387,09/17/2022,878191
282,563-68-9077,03/30/2023,932105
283,839-18-6446,01/18/2022,918303
284,829-20-5961,09/12/2021,437400
285,895-43-8045,12/18/2021,549261
286,592-24-2502,04/20/2022,260474
287,204-87-1342,12/02/2022,568640
288,545-51-7029,07/16/2021,450722
289,448-95-9117,06/24/2022,182572
290,575-58-4260,04/13/2023,398174
291,688-35-3949,07/11/2023,44369
292,218-14-2019,09/13/2021,272458
293,241-85-6207,01/24/2022,309900
294,211-43-9561,03/11/2023,170293
295,636-33-1213,05/06/2021,642427
296,725-56-8720,07/03/2022,257668
297,104-83-7982,02/01/2023,685280
298,461-45-6937,09/03/2022,361533
299,762-11-5378,02/23/2022,700229
300,869-32-5637,11/13/2023,886838
301,855-02-3735,07/16/2021,481825
302,683-54-8354,10/28/2023,387202
303,646-44-7175,07/22/2023,683009
304,173-21-0214,05/02/2021,731142
305,606-83-3135,05/03/2021,896986
306,870-19-1193,12/08/2021,528853
307,499-82-1530,03/30/2021,731939
308,457-98-2595,01/04/2021,294975
309,870-88-2674,08/26/2023,417625
310,169-93-3044,03/30/2022,19291
311,845-45-4336,08/23/2021,735807
312,479-87-7496,02/19/2022,57180
313,156-85-6462,07/08/2022,574806
314,305-22-9294,03/19/2021,170745
315,212-35-7879,10/04/2023,351977
316,340-64-6942,04/30/2021,493074
317,591-29-5425,04/13/2021,689029
318,779-97-8268,05/02/2021,299148
319,251-95-3023,08/13/2022,86620
320,170-39-1225,01/28/2021,554847
321,595-46-2798,07/25/2022,874485
322,552-16-9734,10/16/2022,355169
323,845-85-5727,12/26/2022,438389
324,771-55-5355,01/16/2021,880945
325,491-71-1908,10/03/2023,873224
326,741-26-7140,12/30/2021,305465
327,543-30-0817,12/18/2020,290077
328,447-58-0816,10/11/2023,364171
329,304-17-2426,03/08/2021,103794
330,724-96-9204,02/24/2021,120759
331,631-97-7089,07/18/2021,250900
332,678-37-9825,07/13/2021,882650
333,564-41-0818,12/07/2022,889179
334,869-52-7457,12/14/2022,354207
335,349-15-8974,06/08/2022,668374
336,387-15-6013,12/05/2022,556555
337,823-73-6135,10/31/2021,890490
338,437-85-5003,01/10/2023,133006
339,575-23-1481,11/05/2023,328306
340,413-36-9549,03/31/2023,90480
341,240-32-0613,07/09/2023,361855
342,521-42-2768,11/26/2023,217419
343,202-87-6986,02/10/2021,715911
344,263-31-1591,04/30/2023,520279
345,466-60-0261,04/20/2021,960068
346,611-45-0210,04/22/2021,259240
347,712-79-3492,01/14/2022,159139
348,361-07-2768,12/07/2020,76573
349,753-34-1503,07/12/2022,45354
350,250-65-7974,09/11/2022,421907
351,634-47-6433,08/10/2022,477883
352,320-33-5690,07/26/2022,507550
353,565-18-7326,02/25/2021,594678
354,582-51-3129,03/22/2021,84136
355,597-31-2821,02/26/2022,360712
356,671-27-8651,03/06/2021,24961
357,785-38-4655,10/07/2023,839145
358,439-72-1529,11/28/2022,443644
359,253-51-8735,11/18/2022,539083
360,890-88-1593,11/09/2021,894244
361,244-15-7321,07/22/2021,895992
362,538-53-3481,07/29/2023,717211
363,497-63-2362,11/23/2023,795531
364,528-60-9957,07/15/2023,384968
365,750-18-7008,10/22/2021,382362
366,755-33-5390,07/15/2022,334479
367,113-75-5247,09/12/2021,136301
368,761-92-8647,12/16/2020,783600
369,164-77-0023,09/08/2022,680235
370,466-53-8311,09/15/2023,245436
371,402-59-7790,01/26/2023,662154
372,686-85-3821,04/13/2023,90031
373,238-53-5545,03/04/2023,508128
374,211-53-0263,10/18/2022,516893
375,148-30-3519,05/12/2022,298387
376,720-34-1351,09/27/2023,872174
377,387-63-9160,05/02/2022,616323
378,491-50-7159,02/19/2023,338161
379,748-86-9187,04/02/2023,339736
380,714-69-1593,01/21/2023,755471
381,482-06-4293,08/30/2021,964872
382,701-41-9120,05/15/2022,271999
383,437-98-0374,02/12/2021,961287
384,588-89-2613,10/05/2021,724267
385,687-99-4934,08/11/2023,654845
386,436-05-9588,08/02/2022,246302
387,832-31-7263,11/22/2022,708516
388,738-25-0839,02/23/2023,146630
389,572-26-4924,09/21/2023,236107
390,367-79-5978,10/08/2021,422492
391,882-59-1702,02/26/2022,700029
392,391-86-1648,11/05/2021,551354
393,243-21-6575,05/28/2022,607695
394,715-75-3600,05/25/2022,492163
395,842-99-7800,03/13/2021,849329
396,679-60-5066,10/22/2023,712463
397,417-30-9775,01/10/2022,597444
398,107-56-0229,06/07/2023,925907
399,511-68-6250,02/23/2021,787091
400,651-01-5764,07/31/2023,718218
401,382-71-7602,07/11/2023,903440
402,721-95-3205,04/11/2022,182384
403,611-50-9829,03/13/2022,338548
404,198-72-8513,11/09/2023,266213
405,350-76-3364,03/20/2023,761712
406,638-44-0125,06/11/2023,816915
407,125-87-5928,10/29/2022,914002
408,244-94-0662,07/14/2023,769483
409,820-79-5462,05/01/2021,480011
410,385-74-2565,06/03/2023,395641
411,186-88-0200,12/28/2021,977087
412,324-34-1931,12/12/2022,816060
413,830-35-4706,07/24/2023,939551
414,383-19-5824,07/01/2021,590265
415,767-85-3037,12/07/2020,806713
416,252-80-4372,11/13/2023,576566
417,678-72-1031,07/12/2023,445160
418,213-85-0847,02/03/2021,723398
419,136-55-7206,03/11/2021,523656
420,307-69-6999,03/04/2021,349087
421,866-87-1706,08/24/2023,349381
422,203-59-0800,07/12/2021,141608
423,899-79-6113,02/21/2023,373908
424,404-29-0600,02/28/2021,104614
425,846-30-1121,01/25/2023,102207
426,162-29-5103,07/17/2023,194035
427,609-97-2217,04/27/2023,635552
428,686-69-1794,10/11/2021,360450
429,790-14-0819,04/15/2022,42032
430,471-71-5108,07/27/2022,115336
431,361-39-5667,07/06/2023,797587
432,700-91-2711,09/06/2023,414423
433,835-83-9768,06/12/2022,548811
434,539-11-9037,07/08/2021,96999
435,316-30-4980,11/09/2023,725382
436,571-82-7150,08/09/2022,503102
437,377-23-0331,09/13/2023,359985
438,891-04-2755,04/17/2023,51008
439,321-41-0009,02/17/2021,905972
440,776-44-5381,01/08/2023,840906
441,854-87-0150,11/28/2021,486002
442,493-03-0250,02/21/2023,680600
443,677-56-2528,11/16/2023,14841
444,655-54-0431,07/02/2022,295415
445,897-49-7894,01/18/2022,25716
446,600-61-1203,03/12/2023,389857
447,313-77-0034,09/04/2023,682789
448,840-86-4317,11/05/2022,69728
449,771-81-1061,05/02/2023,562472
450,874-68-3224,12/10/2021,334617
451,396-54-2794,01/08/2023,698310
452,559-23-1418,02/17/2022,534947
453,305-14-1233,04/17/2022,587914
454,452-88-8819,06/02/2022,198486
455,441-04-4112,12/03/2022,94537
456,620-52-0595,05/27/2023,974793
457,573-92-4573,11/01/2022,40188
458,703-34-1193,04/01/2021,636464
459,125-77-2188,08/17/2021,276976
460,827-46-5353,10/03/2023,982000
461,816-51-1997,11/28/2023,625319
462,361-27-5223,06/25/2023,978424
463,581-11-2224,10/15/2022,382752
464,772-28-9887,05/28/2022,49194
465,108-34-9806,10/24/2022,165489
466,724-77-6087,02/07/2022,830715
467,686-65-4129,08/22/2022,418542
468,457-23-9793,08/19/2022,557417
469,123-07-6365,12/29/2022,898019
470,771-80-6370,11/01/2022,909069
471,276-22-2998,10/20/2022,898960
472,815-55-0014,05/28/2021,388187
473,101-89-7820,12/03/2020,982560
474,580-80-2274,02/26/2022,897468
475,597-09-3304,12/04/2022,970393
476,595-55-1220,07/11/2023,10285
477,601-24-3269,08/15/2021,393138
478,477-88-8835,11/12/2021,307675
479,713-93-5565,05/02/2023,925664
480,496-61-1527,02/13/2023,498233
481,218-68-4077,07/11/2021,215178
482,738-44-4007,04/11/2021,26927
483,594-43-4757,04/25/2022,132468
484,112-44-0805,06/18/2022,479449
485,311-94-7878,01/02/2023,863519
486,813-66-8708,02/09/2021,586873
487,831-09-9394,06/23/2021,927591
488,710-88-8621,12/28/2020,3458
489,366-69-6915,02/13/2023,215362
490,865-46-3925,02/22/2021,670773
491,860-42-4496,05/01/2023,730789
492,599-05-3648,01/13/2023,583972
493,565-08-9177,08/27/2022,887672
494,477-90-9996,03/25/2021,451906
495,635-47-5177,07/08/2022,573343
496,291-09-2045,09/11/2021,638785
497,155-40-6768,06/06/2023,185934
498,486-59-3196,01/07/2021,310019
499,313-52-6849,03/01/2021,682738
500,627-91-7294,09/28/2021,349494
501,311-05-9843,12/04/2023,918057
502,127-72-1942,02/19/2021,804254
503,857-95-4114,09/16/2023,929539
504,818-40-1945,10/05/2021,62765
505,725-14-1778,11/28/2021,385971
506,101-16-3756,09/08/2021,970330
507,867-49-6928,01/25/2023,364713
508,210-26-1930,05/21/2023,645740
509,208-76-9233,04/17/2023,186581
510,287-68-7527,08/15/2021,512149
511,665-64-7562,01/17/2021,590598
512,676-38-4432,12/01/2021,89942
513,263-48-5233,12/07/2021,19841
514,749-73-8209,11/07/2022,125323
515,734-06-7242,03/31/2021,196614
516,661-59-8425,06/07/2022,850303
517,617-58-8085,10/19/2023,292201
518,102-42-9265,05/21/2021,846072
519,586-46-6184,08/08/2023,233582
520,198-53-3950,12/19/2020,162446
521,489-46-7132,06/03/2021,130508
522,634-79-7981,01/10/2021,581792
523,708-31-4428,04/14/2022,729616
524,578-53-3613,12/26/2021,461243
525,270-93-6997,04/10/2021,642044
526,580-07-0251,01/23/2023,946157
527,512-01-6989,09/08/2023,882070
528,407-83-1958,03/04/2023,401963
529,223-32-9937,04/14/2023,371639
530,867-67-0988,11/26/2022,197676
531,536-60-5623,11/17/2022,493243
532,476-92-6984,01/04/2021,661256
533,365-75-4502,01/17/2022,770846
534,227-73-9253,09/05/2022,127167
535,571-55-3390,10/27/2022,943530
536,158-48-2564,12/04/2021,847817
537,343-31-7783,01/02/2022,19214
538,246-83-7325,12/06/2021,916140
539,169-73-1635,10/16/2022,994517
540,169-57-4090,08/18/2023,357539
541,416-75-5524,07/03/2021,428599
542,115-69-3605,06/25/2023,558218
543,698-09-7051,03/22/2021,912525
544,308-71-6622,11/25/2023,483397
545,166-13-8594,09/25/2023,268204
546,280-57-8523,10/04/2023,628080
547,740-36-8580,04/13/2021,752910
548,346-96-8851,09/05/2023,627122
549,435-20-8931,04/18/2022,704591
550,482-30-4631,03/21/2023,688578
551,411-62-9321,01/09/2023,268636
552,166-41-2325,02/10/2023,733333
553,457-40-9266,04/05/2023,334686
554,328-17-9204,10/15/2023,500537
555,872-90-1256,02/01/2022,988509
556,713-11-4075,11/21/2023,652068
557,359-48-9989,05/21/2022,668815
558,177-96-6482,10/07/2022,328341
559,401-40-8785,11/18/2023,783209
560,661-79-9512,08/27/2022,258394
561,825-02-4845,07/22/2021,793720
562,746-74-6587,01/16/2023,408259
563,483-31-9420,10/11/2021,775751
564,728-01-2511,09/25/2023,261944
565,343-20-3821,03/20/2023,798432
566,611-73-3556,10/14/2022,218866
567,224-68-1798,08/24/2022,499576
568,349-68-8375,10/13/2021,926942
569,389-49-5943,08/16/2021,656336
570,616-14-7872,01/20/2021,822987
571,219-01-0968,05/05/2021,219248
572,546-57-1105,01/22/2021,996607
573,427-25-8434,03/02/2023,27295
574,466-11-3547,07/31/2023,916945
575,365-96-9887,05/03/2021,129152
576,381-09-3230,07/29/2022,277266
577,253-46-9416,11/05/2021,762357
578,220-34-8926,02/06/2023,516652
579,543-23-5503,12/05/2023,1524
580,623-37-0346,09/08/2023,844329
581,485-31-1243,08/23/2023,303767
582,604-86-0600,12/09/2022,61141
583,185-64-5767,09/28/2021,303950
584,294-37-5336,08/22/2022,560103
585,641-27-7995,09/14/2023,473912
586,490-69-0911,05/10/2021,923843
587,274-92-2275,12/13/2022,950160
588,439-75-0816,04/09/2021,703921
589,122-52-2744,12/11/2022,740725
590,475-50-6800,05/19/2023,738163
591,683-42-4199,02/24/2023,521760
592,593-65-1117,11/02/2021,339149
593,450-65-7512,05/26/2021,164160
594,114-23-1042,05/28/2021,93981
595,339-24-7434,03/11/2023,816120
596,757-36-6505,08/26/2023,399988
597,791-82-6868,11/11/2023,728641
598,846-46-5868,02/27/2021,84714
599,372-24-3282,02/12/2021,467678
600,452-19-3159,05/20/2023,619833
601,398-79-6987,01/22/2021,913511
602,465-11-6476,06/09/2022,903700
603,396-61-4194,08/23/2022,629521
604,255-62-9692,04/26/2023,721358
605,344-26-1352,07/25/2023,595228
606,143-41-0339,08/14/2021,699595
607,447-46-8250,04/04/2023,295888
608,642-10-0760,08/04/2023,476040
609,562-07-5857,01/18/2023,875460
610,474-96-3559,02/20/2021,698076
611,167-80-4252,07/03/2021,18893
612,151-36-3951,03/29/2023,929203
613,512-95-9099,08/15/2023,311766
614,107-51-1482,12/20/2021,957861
615,373-06-7851,05/12/2021,820392
616,166-57-1548,03/11/2022,739259
617,880-70-6891,11/21/2023,564099
618,266-86-5553,12/29/2022,724918
619,219-97-1953,08/20/2021,378837
620,255-81-0555,07/25/2021,154713
621,800-86-7899,06/22/2022,869416
622,629-82-3992,06/26/2023,24623
623,150-91-5482,09/05/2023,700374
624,317-87-7723,07/12/2021,713207
625,403-92-5493,08/26/2023,154738
626,120-38-8957,01/11/2021,475258
627,877-58-3478,02/18/2022,614698
628,579-45-3743,12/04/2023,211561
629,663-24-9913,04/18/2022,557918
630,881-18-3711,09/11/2021,493931
631,475-21-6642,06/12/2023,18317
632,790-04-8420,01/06/2023,659027
633,491-25-0780,05/29/2021,195007
634,825-88-1122,03/08/2022,126988
635,830-01-0754,10/18/2023,567922
636,215-36-6226,04/11/2022,93675
637,276-31-4749,09/17/2023,886305
638,716-31-8316,02/17/2023,821326
639,770-90-8195,09/22/2023,708985
640,178-25-5003,01/11/2022,146815
641,416-41-0390,02/02/2022,477376
642,795-79-9711,10/21/2022,245051
643,324-75-4714,09/12/2022,892302
644,337-31-5137,01/26/2022,235001
645,288-93-5120,09/28/2021,414403
646,289-88-9256,02/20/2023,519343
647,844-31-5243,12/13/2021,708573
648,229-04-4645,04/08/2022,311633
649,855-48-3718,08/14/2023,529910
650,494-56-7483,04/13/2023,18153
651,134-59-7400,03/31/2022,608964
652,781-01-7462,06/11/2021,158984
653,125-32-1580,03/17/2022,444203
654,153-41-3999,01/23/2021,872775
655,443-39-7351,04/02/2021,914158
656,143-08-7999,06/07/2022,737202
657,899-89-1689,07/23/2023,572482
658,439-35-4218,09/11/2023,824051
659,373-17-5508,04/23/2023,503168
660,427-29-0240,11/13/2023,255965
661,637-17-0655,08/17/2021,457847
662,564-36-9449,05/31/2023,541331
663,667-13-0499,03/13/2021,120244
664,179-50-0596,12/21/2020,139959
665,343-51-2110,02/12/2021,171899
666,607-65-5092,12/23/2022,181162
667,787-66-4653,01/13/2023,575703
668,491-58-3901,01/15/2021,486857
669,491-72-5755,08/30/2021,162064
670,623-16-8576,03/26/2022,815775
671,624-43-0574,11/28/2022,516759
672,280-55-5597,06/07/2023,33901
673,585-32-0648,12/31/2020,567397
674,162-79-8630,06/25/2021,131272
675,819-96-2003,05/06/2021,300992
676,111-12-9318,12/05/2020,865615
677,226-53-4232,11/16/2023,100647
678,566-09-8438,01/03/2023,891092
679,233-39-7152,10/04/2022,377056
680,800-77-2766,02/28/2022,40576
681,435-17-9993,04/05/2021,17704
682,644-76-4950,07/31/2023,275974
683,683-13-8930,10/10/2023,52150
684,374-51-3825,10/07/2022,442413
685,718-61-4368,10/11/2023,270070
686,793-92-3961,06/19/2021,57743
687,678-77-0810,07/24/2022,888016
688,871-36-8889,11/06/2021,608669
689,344-96-7517,07/06/2021,409274
690,704-83-7063,07/16/2021,968308
691,877-18-0061,04/25/2023,20897
692,593-74-1328,10/28/2023,212853
693,585-54-5244,02/05/2021,189017
694,401-09-6212,03/21/2023,889859
695,775-11-4580,03/19/2023,455817
696,323-76-6097,11/22/2021,706051
697,543-18-7995,07/13/2022,775599
698,748-85-9177,12/04/2022,174254
699,278-30-1987,09/18/2021,379863
700,836-21-2736,06/11/2022,917458
701,430-53-2376,04/12/2022,215974
702,172-51-1929,06/18/2022,216266
703,165-16-4253,07/10/2022,113424
704,123-12-3890,03/25/2022,101396
705,660-75-5487,11/27/2023,31001
706,366-29-1869,10/08/2022,412868
707,514-49-0423,09/10/2023,770664
708,211-65-6858,12/14/2020,120395
709,231-70-8037,03/31/2023,596483
710,651-64-3256,02/21/2023,953229
711,266-15-9930,10/09/2023,596605
712,750-43-6356,11/25/2022,817237
713,550-51-8788,06/22/2023,75653
714,565-13-0884,10/19/2022,927480
715,602-02-1607,04/12/2021,576369
716,767-30-5153,04/27/2022,647480
717,711-66-7097,10/11/2023,552313
718,168-80-0987,10/29/2022,932848
719,581-16-7574,10/27/2021,62135
720,466-92-6807,12/16/2020,438992
721,847-10-9704,02/04/2021,841607
722,323-90-1352,02/21/2023,847734
723,747-25-1847,10/26/2021,879553
724,481-72-0153,04/21/2021,647709
725,347-46-3083,01/18/2023,834436
726,562-73-1243,11/15/2023,133268
727,439-09-9607,03/14/2021,581630
728,423-26-0677,08/27/2023,911547
729,642-09-0670,03/19/2023,116032
730,770-74-0245,06/19/2022,744819
731,675-21-8923,06/18/2023,488471
732,172-12-8993,09/09/2023,453876
733,743-03-9384,07/28/2023,930595
734,122-54-2287,03/24/2021,417508
735,713-43-3759,09/30/2022,543955
736,831-89-1595,03/28/2021,434704
737,367-11-6864,02/17/2021,267223
738,607-59-3830,11/08/2021,396481
739,671-99-3683,07/21/2021,301204
740,106-49-9473,03/08/2021,755962
741,423-10-7070,02/21/2021,641971
742,147-30-5144,09/28/2022,324095
743,483-88-0574,12/30/2020,11932
744,875-26-2129,05/17/2021,414614
745,720-31-4610,08/04/2023,415257
746,710-62-8000,02/27/2021,872111
747,451-40-1906,12/07/2020,316852
748,837-05-9039,10/07/2022,105827
749,164-25-7102,04/14/2022,664172
750,451-26-3983,03/14/2023,348700
751,788-08-1042,07/06/2021,57770
752,758-50-6127,10/22/2021,324612
753,403-82-5116,04/29/2023,522588
754,185-20-3622,02/16/2022,428929
755,145-10-0809,01/06/2023,851867
756,483-53-7803,05/11/2023,297012
757,303-71-5333,02/25/2022,414915
758,782-55-4906,07/31/2023,10235
759,719-12-9803,09/05/2022,111601
760,109-29-7715,03/24/2022,607883
761,375-27-2624,08/14/2022,301154
762,769-84-6895,04/03/2021,825947
763,888-04-1198,02/28/2021,738515
764,287-77-4591,12/10/2020,535303
765,301-09-9082,04/16/2023,468923
766,653-99-8190,07/10/2022,584535
767,260-76-9081,11/24/2023,986236
768,257-64-6228,07/01/2023,46747
769,728-34-4459,03/04/2022,270254
770,774-76-8087,10/22/2022,468640
771,560-52-1594,05/29/2021,312957
772,757-51-3407,09/05/2022,7704
773,570-07-7071,02/19/2021,542957
774,890-07-6980,04/28/2023,134099
775,741-24-9325,07/10/2023,318925
776,135-25-7127,03/12/2022,533239
777,103-90-2610,06/10/2022,66113
778,125-19-0864,09/25/2021,977638
779,504-46-1612,04/23/2023,562988
780,487-43-5884,09/14/2023,459956
781,540-95-6169,03/11/2023,605435
782,771-63-5587,10/05/2022,191113
783,771-80-4891,02/10/2023,220645
784,717-03-5537,10/30/2022,499881
785,734-34-9039,11/11/2023,968670
786,803-43-2044,06/02/2021,404897
787,863-88-3072,01/10/2023,461515
788,659-77-4395,05/12/2021,607718
789,751-20-8504,03/14/2022,385020
790,648-94-9807,02/07/2022,699915
791,689-64-0982,09/07/2021,656481
792,286-31-9898,09/10/2023,881850
793,281-43-3264,11/13/2022,253535
794,221-04-2480,04/20/2023,98701
795,808-11-7412,11/16/2021,267706
796,141-95-2216,06/23/2021,754603
797,813-81-0839,07/10/2023,272116
798,296-81-6605,08/18/2023,234566
799,494-86-2304,04/06/2023,281316
800,386-22-9716,09/20/2022,801228
801,552-62-3807,03/22/2022,325070
802,489-66-0840,12/20/2020,739230
803,353-78-6064,05/05/2023,886727
804,791-53-7151,08/29/2021,815912
805,443-58-4352,09/02/2021,554813
806,557-93-0829,04/28/2022,854962
807,634-99-0956,01/02/2022,911819
808,356-41-4331,11/10/2023,713147
809,198-94-0347,08/04/2021,677922
810,892-22-8437,05/15/2021,621284
811,708-35-5455,08/24/2022,661239
812,184-33-3929,12/11/2021,799156
813,668-55-6522,06/15/2022,649583
814,642-24-2027,12/23/2020,188701
815,656-37-8666,03/14/2023,756621
816,131-77-1215,02/10/2021,437900
817,189-89-2847,05/28/2023,780025
818,181-51-9489,12/26/2020,656286
819,824-29-1813,01/14/2023,846998
820,158-01-2017,04/19/2022,485998
821,749-88-3152,04/01/2022,282941
822,723-61-1957,07/11/2022,26300
823,270-26-1376,06/14/2023,667325
824,620-01-1657,08/16/2022,457641
825,111-88-1367,05/28/2022,428228
826,365-64-4260,09/30/2021,15008
827,681-91-8899,03/14/2023,307206
828,826-53-8494,02/20/2023,673442
829,500-99-1463,01/14/2021,578455
830,220-44-1377,10/24/2022,307857
831,723-34-3819,01/07/2022,453373
832,722-69-6587,01/13/2023,404817
833,599-50-9549,10/13/2021,176002
834,490-07-9171,11/23/2021,862883
835,570-53-0904,05/22/2023,991857
836,260-12-3570,11/06/2021,975907
837,397-81-9129,02/14/2021,687558
838,829-07-8127,05/11/2021,583172
839,686-54-9648,12/01/2021,415697
840,189-55-0204,11/04/2021,719811
841,125-57-0290,05/23/2023,841333
842,863-50-7668,01/19/2022,888098
843,892-85-2003,08/23/2023,574349
844,878-82-4539,03/20/2022,482557
845,781-68-1474,05/15/2021,59158
846,252-84-2782,06/24/2022,448975
847,837-05-8352,10/18/2022,437994
848,890-57-7398,07/06/2022,536896
849,114-73-9154,07/14/2022,416287
850,193-91-0317,05/15/2021,265821
851,700-75-0355,10/05/2023,759815
852,161-77-7021,06/19/2022,389118
853,664-85-9344,07/31/2021,906809
854,522-71-0146,02/05/2023,273949
855,275-26-2199,05/27/2021,950563
856,103-05-2920,08/08/2022,260896
857,603-24-6803,09/30/2023,488893
858,556-39-6986,09/29/2022,121308
859,182-50-2279,05/26/2023,355684
860,686-64-8808,07/24/2023,570146
861,410-43-8760,12/18/2022,764138
862,818-62-0014,07/30/2022,361844
863,234-38-0648,02/25/2022,399324
864,373-51-0616,07/12/2021,148609
865,154-79-3655,10/14/2022,122829
866,665-50-1725,02/10/2021,937590
867,148-99-4078,05/22/2023,401419
868,549-14-3370,10/09/2021,76312
869,544-81-4871,03/08/2022,982123
870,541-59-0016,01/20/2021,394067
871,388-93-7390,08/22/2021,686631
872,257-66-7087,07/31/2021,202432
873,333-66-0334,01/30/2021,305501
874,470-36-6184,05/25/2022,851717
875,562-89-6435,01/02/2021,847114
876,117-79-5231,10/22/2023,357442
877,219-33-0573,08/18/2023,443709
878,528-01-5947,02/20/2023,26813
879,828-10-2211,10/18/2023,635513
880,103-31-2614,03/05/2022,15675
881,682-44-4920,10/19/2023,394824
882,407-48-1669,05/23/2021,933118
883,231-73-3331,08/22/2021,872293
884,441-55-3706,09/26/2021,28438
885,251-18-1293,04/06/2023,628175
886,126-92-4568,08/21/2021,305908
887,208-45-8371,05/31/2022,883908
888,588-69-5926,12/28/2021,551038
889,749-99-1738,02/07/2022,555747
890,159-42-7221,08/17/2023,720872
891,857-33-1953,08/27/2022,99803
892,478-20-7580,05/09/2022,255668
893,253-56-3565,02/28/2022,123420
894,691-65-4455,02/20/2023,232343
895,711-89-8758,02/22/2023,968892
896,616-12-7737,11/16/2023,195703
897,698-03-3199,05/05/2022,64906
898,242-68-6966,02/06/2022,25367
899,344-81-5811,07/18/2021,829069
900,315-61-9572,02/01/2023,487917
901,135-29-9287,07/07/2022,701439
902,333-29-0377,05/30/2021,979588
903,395-16-5428,02/02/2023,283891
904,175-31-8708,01/17/2023,167367
905,669-32-1023,05/20/2023,37162
906,115-06-4364,03/28/2021,405609
907,249-80-5301,02/20/2022,903998
908,424-77-9510,01/01/2021,650058
909,292-62-4131,02/04/2023,454893
910,160-20-8308,02/22/2022,949066
911,373-92-2387,12/13/2022,578669
912,507-97-9417,04/16/2022,609858
913,554-54-3557,08/13/2021,711722
914,619-51-5327,05/04/2021,760401
915,656-78-6769,03/22/2022,478734
916,548-35-5796,12/24/2022,885366
917,180-95-5237,03/05/2023,99265
918,237-06-0070,05/01/2022,73415
919,494-91-6088,08/03/2023,343246
920,230-13-0203,02/15/2021,507959
921,195-14-5821,03/19/2022,434757
922,346-50-4275,07/21/2021,750416
923,635-31-8228,09/30/2021,948201
924,220-67-7620,02/12/2023,673131
925,174-27-9770,01/17/2022,875275
926,583-82-7662,02/06/2021,975194
927,312-99-2511,01/08/2023,703970
928,433-84-4169,09/10/2021,48167
929,554-45-7826,11/14/2021,233724
930,807-03-1240,04/03/2023,190196
931,142-83-6310,09/01/2021,743736
932,396-73-6916,11/19/2023,335544
933,191-49-1328,08/03/2022,21124
934,345-34-4122,07/01/2023,207001
935,668-91-9037,08/25/2022,310589
936,144-65-0316,11/06/2023,438417
937,367-90-1692,03/03/2021,217423
938,219-02-1956,01/15/2021,992267
939,234-99-8460,12/02/2021,300440
940,524-83-1840,08/10/2022,289632
941,249-97-8033,02/24/2022,986755
942,371-41-1495,12/10/2020,79942
943,747-10-8224,11/29/2022,803795
944,576-24-2044,02/22/2021,778491
945,747-73-6866,05/19/2022,234222
946,306-88-8899,10/22/2023,738443
947,299-24-0074,10/08/2022,946763
948,866-54-1622,10/14/2023,639135
949,355-48-2385,11/16/2023,537089
950,870-06-2380,08/23/2023,523146
951,700-03-7276,07/28/2022,158926
952,828-36-1347,01/15/2022,637156
953,405-55-0609,03/18/2022,968163
954,113-66-2901,07/13/2023,775859
955,162-39-6994,06/10/2021,303631
956,341-59-7205,05/07/2022,331610
957,151-65-1680,10/07/2023,922250
958,297-58-0607,12/19/2020,989051
959,290-24-6013,01/21/2021,225954
960,876-35-4487,02/23/2022,921518
961,331-80-5327,10/06/2022,376270
962,766-17-1290,04/18/2022,802826
963,247-90-1014,05/01/2021,674570
964,506-87-4411,03/24/2021,897988
965,224-08-6869,12/26/2022,24595
966,202-79-3608,01/15/2021,901085
967,687-66-6042,12/29/2021,121409
968,587-32-6205,04/28/2022,748739
969,777-47-2253,11/23/2021,787933
970,262-34-4214,06/18/2021,59907
971,206-64-7195,01/13/2022,582439
972,111-34-4599,04/24/2022,996830
973,687-67-2302,02/26/2021,999583
974,414-67-9865,01/05/2022,161550
975,516-46-9569,03/12/2023,651191
976,151-56-9368,10/15/2021,701759
977,570-88-1247,07/23/2022,847904
978,675-03-4100,05/24/2023,208062
979,285-18-9524,02/03/2021,146812
980,167-40-5484,12/07/2021,26592
981,689-43-7899,10/08/2022,665070
982,133-61-4499,02/10/2022,56201
983,514-04-8973,04/01/2021,855623
984,551-27-5555,07/02/2023,175488
985,652-79-3587,06/17/2023,812380
986,686-59-2259,09/06/2021,580059
987,286-48-8588,02/28/2021,504474
988,776-17-1841,01/16/2023,44533
989,120-69-6716,05/23/2022,204521
990,780-31-1692,08/09/2023,405418
991,385-83-8226,01/16/2022,134172
992,103-54-4540,09/03/2021,556323
993,570-09-7654,10/20/2023,80312
994,569-34-9135,12/28/2022,508250
995,288-41-2461,12/19/2021,770319
996,141-80-5409,11/09/2023,62463
997,592-71-3380,07/25/2023,566824
998,369-10-6699,02/20/2022,593409
999,275-79-2638,06/06/2022,953657
